-- phpMyAdmin SQL Dump
-- version 4.9.3
-- https://www.phpmyadmin.net/
--
-- Host: localhost:8889
-- Generation Time: Dec 01, 2020 at 05:18 PM
-- Server version: 5.7.26
-- PHP Version: 7.4.2

SET SQL_MODE = "NO_AUTO_VALUE_ON_ZERO";
SET time_zone = "+00:00";


/*!40101 SET @OLD_CHARACTER_SET_CLIENT=@@CHARACTER_SET_CLIENT */;
/*!40101 SET @OLD_CHARACTER_SET_RESULTS=@@CHARACTER_SET_RESULTS */;
/*!40101 SET @OLD_COLLATION_CONNECTION=@@COLLATION_CONNECTION */;
/*!40101 SET NAMES utf8mb4 */;

--
-- Database: `remotepc_contratainternet`
--

-- --------------------------------------------------------

--
-- Table structure for table `companies`
--

CREATE TABLE `companies` (
  `id` bigint(20) UNSIGNED NOT NULL,
  `name` varchar(128) COLLATE utf8mb4_unicode_ci NOT NULL,
  `logo` varchar(255) COLLATE utf8mb4_unicode_ci NOT NULL,
  `nit` varchar(16) COLLATE utf8mb4_unicode_ci DEFAULT NULL,
  `phone` varchar(16) COLLATE utf8mb4_unicode_ci NOT NULL,
  `web` varchar(128) COLLATE utf8mb4_unicode_ci NOT NULL,
  `highlighted` tinyint(1) NOT NULL DEFAULT '0',
  `highlighted_expiration` timestamp NULL DEFAULT NULL,
  `trash` tinyint(1) NOT NULL DEFAULT '0',
  `created_at` timestamp NULL DEFAULT NULL,
  `updated_at` timestamp NULL DEFAULT NULL
) ENGINE=InnoDB DEFAULT CHARSET=utf8mb4 COLLATE=utf8mb4_unicode_ci;

--
-- Dumping data for table `companies`
--

INSERT INTO `companies` (`id`, `name`, `logo`, `nit`, `phone`, `web`, `highlighted`, `highlighted_expiration`, `trash`, `created_at`, `updated_at`) VALUES
(2, 'Azteca Comunicaciones', '16056355555fb40de3027bb.png', '1234', '1234', '1234', 1, '2022-04-30 05:00:00', 0, '2020-03-01 17:24:37', '2020-11-17 17:52:35'),
(3, 'HughesNet', '16056355725fb40df470f81.png', '1234', '1234', '1234', 1, '2024-04-27 05:00:00', 0, '2020-03-01 17:25:26', '2020-11-17 17:52:52'),
(4, 'Ip Technologies', '16056355895fb40e05748c2.png', '1234', '1234', '1234', 1, '2024-04-20 05:00:00', 0, '2020-03-01 17:25:54', '2020-11-17 17:53:09'),
(5, 'Net2Phone', '16056356095fb40e19835c1.jpeg', '1234', '1234', '1234', 1, '2022-04-08 05:00:00', 0, '2020-03-01 17:26:17', '2020-11-17 17:53:29'),
(6, 'Tigo Business', '15830799965e5be23cc64bd.png', '1234', '1234', '1234', 1, '2023-04-08 05:00:00', 0, '2020-03-01 17:26:36', '2020-04-17 21:57:33'),
(7, 'InterNexa', '16056409475fb422f35166d.png', '1234', '1234', '1234', 1, '2023-04-01 06:00:01', 0, '2020-03-01 17:28:48', '2020-11-17 19:22:27'),
(8, 'ETB', '16056426295fb429853f1ea.png', '1232132', '1231231231', 'www.contratainternet.co', 1, '2020-12-31 06:00:00', 0, '2020-09-17 19:33:39', '2020-11-17 19:50:29');

-- --------------------------------------------------------

--
-- Table structure for table `configs`
--

CREATE TABLE `configs` (
  `id` bigint(20) UNSIGNED NOT NULL,
  `value` varchar(255) COLLATE utf8mb4_unicode_ci NOT NULL,
  `label` varchar(255) COLLATE utf8mb4_unicode_ci NOT NULL,
  `created_at` timestamp NULL DEFAULT NULL,
  `updated_at` timestamp NULL DEFAULT NULL
) ENGINE=InnoDB DEFAULT CHARSET=utf8mb4 COLLATE=utf8mb4_unicode_ci;

--
-- Dumping data for table `configs`
--

INSERT INTO `configs` (`id`, `value`, `label`, `created_at`, `updated_at`) VALUES
(1, '15965', 'Busquedas en Google', NULL, '2020-03-03 14:15:52'),
(2, '2565', 'Consultas realizadas', NULL, '2020-03-03 14:15:52'),
(3, '163', 'Clientes', NULL, '2020-03-03 14:15:52');

-- --------------------------------------------------------

--
-- Table structure for table `departments`
--

CREATE TABLE `departments` (
  `id` bigint(20) UNSIGNED NOT NULL,
  `name` varchar(255) COLLATE utf8mb4_unicode_ci NOT NULL,
  `trash` tinyint(1) NOT NULL DEFAULT '0',
  `created_at` timestamp NULL DEFAULT NULL,
  `updated_at` timestamp NULL DEFAULT NULL
) ENGINE=InnoDB DEFAULT CHARSET=utf8mb4 COLLATE=utf8mb4_unicode_ci;

--
-- Dumping data for table `departments`
--

INSERT INTO `departments` (`id`, `name`, `trash`, `created_at`, `updated_at`) VALUES
(5, 'ANTIOQUIA', 0, '2020-02-29 19:40:31', '2020-02-29 19:40:31'),
(8, 'ATLÁNTICO', 0, '2020-02-29 19:40:31', '2020-02-29 19:40:31'),
(11, 'BOGOTÁ, D.C.', 0, '2020-02-29 19:40:31', '2020-02-29 19:40:31'),
(13, 'BOLÍVAR', 0, '2020-02-29 19:40:31', '2020-02-29 19:40:31'),
(15, 'BOYACÁ', 0, '2020-02-29 19:40:31', '2020-02-29 19:40:31'),
(17, 'CALDAS', 0, '2020-02-29 19:40:31', '2020-02-29 19:40:31'),
(18, 'CAQUETÁ', 0, '2020-02-29 19:40:31', '2020-02-29 19:40:31'),
(19, 'CAUCA', 0, '2020-02-29 19:40:31', '2020-02-29 19:40:31'),
(20, 'CESAR', 0, '2020-02-29 19:40:31', '2020-02-29 19:40:31'),
(23, 'CÓRDOBA', 0, '2020-02-29 19:40:31', '2020-02-29 19:40:31'),
(25, 'CUNDINAMARCA', 0, '2020-02-29 19:40:31', '2020-02-29 19:40:31'),
(27, 'CHOCÓ', 0, '2020-02-29 19:40:31', '2020-02-29 19:40:31'),
(41, 'HUILA', 0, '2020-02-29 19:40:31', '2020-02-29 19:40:31'),
(44, 'LA GUAJIRA', 0, '2020-02-29 19:40:31', '2020-02-29 19:40:31'),
(47, 'MAGDALENA', 0, '2020-02-29 19:40:31', '2020-02-29 19:40:31'),
(50, 'META', 0, '2020-02-29 19:40:31', '2020-02-29 19:40:31'),
(52, 'NARIÑO', 0, '2020-02-29 19:40:31', '2020-02-29 19:40:31'),
(54, 'NORTE DE SANTANDER', 0, '2020-02-29 19:40:31', '2020-02-29 19:40:31'),
(63, 'QUINDIO', 0, '2020-02-29 19:40:31', '2020-02-29 19:40:31'),
(66, 'RISARALDA', 0, '2020-02-29 19:40:31', '2020-02-29 19:40:31'),
(68, 'SANTANDER', 0, '2020-02-29 19:40:31', '2020-02-29 19:40:31'),
(70, 'SUCRE', 0, '2020-02-29 19:40:31', '2020-02-29 19:40:31'),
(73, 'TOLIMA', 0, '2020-02-29 19:40:31', '2020-02-29 19:40:31'),
(76, 'VALLE DEL CAUCA', 0, '2020-02-29 19:40:31', '2020-02-29 19:40:31'),
(81, 'ARAUCA', 0, '2020-02-29 19:40:31', '2020-02-29 19:40:31'),
(85, 'CASANARE', 0, '2020-02-29 19:40:31', '2020-02-29 19:40:31'),
(86, 'PUTUMAYO', 0, '2020-02-29 19:40:31', '2020-02-29 19:40:31'),
(88, 'ARCHIPIÉLAGO DE SAN ANDRÉS, PROVIDENCIA Y SANTA CATALINA', 0, '2020-02-29 19:40:31', '2020-02-29 19:40:31'),
(91, 'AMAZONAS', 0, '2020-02-29 19:40:31', '2020-02-29 19:40:31'),
(94, 'GUAINÍA', 0, '2020-02-29 19:40:31', '2020-02-29 19:40:31'),
(95, 'GUAVIARE', 0, '2020-02-29 19:40:31', '2020-02-29 19:40:31'),
(97, 'VAUPÉS', 0, '2020-02-29 19:40:31', '2020-02-29 19:40:31'),
(99, 'VICHADA', 0, '2020-02-29 19:40:31', '2020-02-29 19:40:31');

-- --------------------------------------------------------

--
-- Table structure for table `fields`
--

CREATE TABLE `fields` (
  `id` bigint(20) UNSIGNED NOT NULL,
  `service_id` bigint(20) UNSIGNED NOT NULL,
  `name` varchar(32) COLLATE utf8mb4_unicode_ci NOT NULL,
  `type` enum('numeric','string') COLLATE utf8mb4_unicode_ci NOT NULL,
  `unit` varchar(16) COLLATE utf8mb4_unicode_ci DEFAULT NULL,
  `trash` tinyint(1) NOT NULL DEFAULT '0',
  `created_at` timestamp NULL DEFAULT NULL,
  `updated_at` timestamp NULL DEFAULT NULL
) ENGINE=InnoDB DEFAULT CHARSET=utf8mb4 COLLATE=utf8mb4_unicode_ci;

--
-- Dumping data for table `fields`
--

INSERT INTO `fields` (`id`, `service_id`, `name`, `type`, `unit`, `trash`, `created_at`, `updated_at`) VALUES
(3, 2, 'Tecnologia', 'string', NULL, 0, '2020-03-01 17:27:05', '2020-03-01 17:27:05'),
(4, 2, 'Velocidad', 'string', NULL, 0, '2020-03-01 17:27:05', '2020-03-01 17:27:05'),
(5, 3, 'TECNOLOGIA', 'string', NULL, 0, '2020-03-02 13:29:13', '2020-03-02 13:29:13'),
(6, 3, 'BENEFICIOS', 'string', NULL, 0, '2020-03-02 13:29:13', '2020-03-02 13:29:13'),
(15, 8, 'Tecnologia', 'string', NULL, 0, '2020-09-17 20:36:30', '2020-09-17 20:36:30'),
(16, 8, 'Velocidad', 'string', NULL, 0, '2020-09-17 20:36:30', '2020-09-17 20:36:30'),
(17, 9, 'Tecnologia', 'string', NULL, 0, '2020-09-17 20:37:53', '2020-09-17 20:37:53'),
(18, 9, 'Velocidad', 'string', NULL, 0, '2020-09-17 20:37:53', '2020-09-17 20:37:53'),
(21, 11, 'Velocidad', 'string', NULL, 0, '2020-09-29 17:51:55', '2020-09-29 17:51:55'),
(22, 11, 'Beneficios', 'string', NULL, 0, '2020-09-29 17:51:55', '2020-09-29 17:51:55');

-- --------------------------------------------------------

--
-- Table structure for table `fields_values`
--

CREATE TABLE `fields_values` (
  `id` bigint(20) UNSIGNED NOT NULL,
  `offer_id` bigint(20) UNSIGNED NOT NULL,
  `field_id` bigint(20) UNSIGNED NOT NULL,
  `value` varchar(255) COLLATE utf8mb4_unicode_ci NOT NULL,
  `trash` tinyint(1) NOT NULL DEFAULT '0',
  `created_at` timestamp NULL DEFAULT NULL,
  `updated_at` timestamp NULL DEFAULT NULL
) ENGINE=InnoDB DEFAULT CHARSET=utf8mb4 COLLATE=utf8mb4_unicode_ci;

--
-- Dumping data for table `fields_values`
--

INSERT INTO `fields_values` (`id`, `offer_id`, `field_id`, `value`, `trash`, `created_at`, `updated_at`) VALUES
(1, 1, 3, 'Internet Empresarial ', 0, '2020-03-02 13:40:11', '2020-03-02 13:40:11'),
(2, 1, 4, '10 Mbps', 0, '2020-03-02 13:40:11', '2020-03-02 13:40:11'),
(3, 2, 3, 'Internet Empresarial ', 0, '2020-03-02 13:40:44', '2020-03-02 13:40:44'),
(4, 2, 4, '20 Mbps', 0, '2020-03-02 13:40:44', '2020-03-02 13:40:44'),
(5, 3, 3, 'Internet Empresarial ', 0, '2020-03-02 13:41:08', '2020-03-02 13:41:08'),
(6, 3, 4, '30 Mbps', 0, '2020-03-02 13:41:08', '2020-03-02 13:41:08'),
(7, 4, 3, 'Internet Empresarial ', 0, '2020-03-02 13:41:37', '2020-03-02 13:41:37'),
(8, 4, 4, '40 Mbps', 0, '2020-03-02 13:41:37', '2020-03-02 13:41:37'),
(9, 5, 3, 'Internet Empresarial ', 0, '2020-03-02 13:41:56', '2020-03-02 13:41:56'),
(10, 5, 4, '50 Mbps', 0, '2020-03-02 13:41:56', '2020-03-02 13:41:56'),
(11, 6, 3, 'Internet Empresarial ', 0, '2020-03-02 13:42:13', '2020-03-02 13:42:13'),
(12, 6, 4, '100 Mbps', 0, '2020-03-02 13:42:13', '2020-03-02 13:42:13'),
(13, 7, 3, 'Internet Dedicado', 0, '2020-03-02 13:44:05', '2020-03-02 13:44:05'),
(14, 7, 4, '5 Mbps', 0, '2020-03-02 13:44:05', '2020-03-02 13:44:05'),
(15, 8, 3, 'Internet Dedicado', 0, '2020-03-02 13:44:29', '2020-03-02 13:44:29'),
(16, 8, 4, '10 Mbps', 0, '2020-03-02 13:44:29', '2020-03-02 13:44:29'),
(17, 9, 3, 'Internet Dedicado', 0, '2020-03-02 13:44:54', '2020-03-02 13:44:54'),
(18, 9, 4, '12 Mbps', 0, '2020-03-02 13:44:54', '2020-03-02 13:44:54'),
(19, 10, 3, 'Internet Dedicado', 0, '2020-03-02 13:45:16', '2020-03-02 13:45:16'),
(20, 10, 4, '15 Mbps', 0, '2020-03-02 13:45:16', '2020-03-02 13:45:16'),
(21, 11, 3, 'Internet Dedicado', 0, '2020-03-02 13:45:51', '2020-03-02 13:45:51'),
(22, 11, 4, '20 Mbps', 0, '2020-03-02 13:45:51', '2020-03-02 13:45:51'),
(23, 12, 3, 'Internet Dedicado', 0, '2020-03-02 13:46:13', '2020-03-02 13:46:13'),
(24, 12, 4, '30 Mbps', 0, '2020-03-02 13:46:13', '2020-03-02 13:46:13'),
(25, 13, 3, 'Internet Dedicado', 0, '2020-03-02 13:46:36', '2020-03-02 13:46:36'),
(26, 13, 4, '40 Mbps', 0, '2020-03-02 13:46:36', '2020-03-02 13:46:36'),
(27, 14, 3, 'Internet Dedicado', 0, '2020-03-02 13:47:05', '2020-03-02 13:47:05'),
(28, 14, 4, '50 Mbps', 0, '2020-03-02 13:47:05', '2020-03-02 13:47:05'),
(29, 15, 3, 'Internet Dedicado', 0, '2020-03-02 13:47:28', '2020-03-02 13:47:28'),
(30, 15, 4, '60 Mbps', 0, '2020-03-02 13:47:28', '2020-03-02 13:47:28'),
(31, 16, 3, 'Internet Dedicado', 0, '2020-03-02 13:47:52', '2020-03-02 13:47:52'),
(32, 16, 4, '80 Mbps', 0, '2020-03-02 13:47:52', '2020-03-02 13:47:52'),
(33, 17, 3, 'Internet Dedicado', 0, '2020-03-02 13:48:20', '2020-03-02 13:48:20'),
(34, 17, 4, '100 Mbps', 0, '2020-03-02 13:48:20', '2020-03-02 13:48:20'),
(35, 18, 3, 'Internet Dedicado', 0, '2020-03-02 13:48:48', '2020-03-02 13:48:48'),
(36, 18, 4, '120 Mbps', 0, '2020-03-02 13:48:48', '2020-03-02 13:48:48'),
(37, 19, 3, 'Internet Dedicado', 0, '2020-03-02 13:49:16', '2020-03-02 13:49:16'),
(38, 19, 4, '150 Mbps', 0, '2020-03-02 13:49:16', '2020-03-02 13:49:16'),
(39, 20, 3, 'Internet Dedicado', 0, '2020-03-02 13:49:44', '2020-03-02 13:49:44'),
(40, 20, 4, '200 Mbps', 0, '2020-03-02 13:49:44', '2020-03-02 13:49:44'),
(41, 21, 3, 'Internet Dedicado', 0, '2020-03-02 13:50:09', '2020-03-02 13:50:09'),
(42, 21, 4, '250 Mbps', 0, '2020-03-02 13:50:09', '2020-03-02 13:50:09'),
(43, 22, 3, 'Internet Dedicado', 0, '2020-03-02 13:50:34', '2020-03-02 13:50:34'),
(44, 22, 4, '300 Mbps', 0, '2020-03-02 13:50:34', '2020-03-02 13:50:34'),
(45, 23, 3, 'Internet Dedicado', 0, '2020-03-02 13:50:57', '2020-03-02 13:50:57'),
(46, 23, 4, '400 Mbps', 0, '2020-03-02 13:50:57', '2020-03-02 13:50:57'),
(47, 24, 3, 'Internet Dedicado', 0, '2020-03-02 13:51:37', '2020-03-02 13:51:37'),
(48, 24, 4, '500 Mbps', 0, '2020-03-02 13:51:37', '2020-03-02 13:51:37'),
(49, 25, 3, 'Internet Dedicado', 0, '2020-03-02 13:52:01', '2020-03-02 13:52:01'),
(50, 25, 4, '800 Mbps', 0, '2020-03-02 13:52:01', '2020-03-02 13:52:01'),
(51, 26, 3, 'Internet Dedicado', 0, '2020-03-02 13:52:21', '2020-03-02 13:52:21'),
(52, 26, 4, '1000 Mbps', 0, '2020-03-02 13:52:21', '2020-03-02 13:52:21'),
(53, 27, 3, 'Internet Empresarial ', 0, '2020-03-02 14:02:42', '2020-03-02 14:02:42'),
(54, 27, 4, '10 Mbps', 0, '2020-03-02 14:02:42', '2020-03-02 14:02:42'),
(55, 28, 3, 'Internet Empresarial ', 0, '2020-03-02 14:03:00', '2020-03-02 14:03:00'),
(56, 28, 4, '20 Mbps', 0, '2020-03-02 14:03:00', '2020-03-02 14:03:00'),
(57, 29, 3, 'Internet Empresarial ', 0, '2020-03-02 14:03:19', '2020-03-02 14:03:19'),
(58, 29, 4, '30 Mbps', 0, '2020-03-02 14:03:19', '2020-03-02 14:03:19'),
(59, 30, 3, 'Internet Empresarial ', 0, '2020-03-02 14:03:39', '2020-03-02 14:03:39'),
(60, 30, 4, '40 Mbps', 0, '2020-03-02 14:03:39', '2020-03-02 14:03:39'),
(61, 31, 3, 'Internet Empresarial ', 0, '2020-03-02 14:04:00', '2020-03-02 14:04:00'),
(62, 31, 4, '50 Mbps', 0, '2020-03-02 14:04:00', '2020-03-02 14:04:00'),
(63, 32, 3, 'Internet Empresarial ', 0, '2020-03-02 14:04:20', '2020-03-02 14:04:20'),
(64, 32, 4, '100 Mbps', 0, '2020-03-02 14:04:20', '2020-03-02 14:04:20'),
(65, 33, 3, 'Internet Dedicado', 0, '2020-03-02 14:05:22', '2020-03-02 14:05:22'),
(66, 33, 4, '5 Mbps', 0, '2020-03-02 14:05:22', '2020-03-02 14:05:22'),
(67, 34, 3, 'Internet Dedicado', 0, '2020-03-02 14:05:49', '2020-03-02 14:05:49'),
(68, 34, 4, '10 Mbps', 0, '2020-03-02 14:05:49', '2020-03-02 14:05:49'),
(69, 35, 3, 'Internet Dedicado', 0, '2020-03-02 14:06:28', '2020-03-02 14:06:28'),
(70, 35, 4, '12 Mbps', 0, '2020-03-02 14:06:28', '2020-03-02 14:06:28'),
(71, 36, 3, 'Internet Dedicado', 0, '2020-03-02 14:06:49', '2020-03-02 14:06:49'),
(72, 36, 4, '15 Mbps', 0, '2020-03-02 14:06:49', '2020-03-02 14:06:49'),
(73, 37, 3, 'Internet Dedicado', 0, '2020-03-02 14:07:10', '2020-03-02 14:07:10'),
(74, 37, 4, '20 Mbps', 0, '2020-03-02 14:07:10', '2020-03-02 14:07:10'),
(75, 38, 3, 'Internet Dedicado', 0, '2020-03-02 14:07:29', '2020-03-02 14:07:29'),
(76, 38, 4, '30 Mbps', 0, '2020-03-02 14:07:29', '2020-03-02 14:07:29'),
(77, 39, 3, 'Internet Dedicado', 0, '2020-03-02 14:07:56', '2020-03-02 14:07:56'),
(78, 39, 4, '40 Mbps', 0, '2020-03-02 14:07:56', '2020-03-02 14:07:56'),
(79, 40, 3, 'Internet Dedicado', 0, '2020-03-02 14:08:16', '2020-03-02 14:08:16'),
(80, 40, 4, '50 Mbps', 0, '2020-03-02 14:08:16', '2020-03-02 14:08:16'),
(81, 41, 3, 'Internet Dedicado', 0, '2020-03-02 14:09:02', '2020-03-02 14:09:02'),
(82, 41, 4, '60 Mbps', 0, '2020-03-02 14:09:02', '2020-03-02 14:09:02'),
(83, 42, 3, 'Internet Dedicado', 0, '2020-03-02 14:09:23', '2020-03-02 14:09:23'),
(84, 42, 4, '80 Mbps', 0, '2020-03-02 14:09:23', '2020-03-02 14:09:23'),
(85, 43, 3, 'Internet Dedicado', 0, '2020-03-02 14:09:55', '2020-03-02 14:09:55'),
(86, 43, 4, '100 Mbps', 0, '2020-03-02 14:09:55', '2020-03-02 14:09:55'),
(87, 44, 3, 'Internet Dedicado', 0, '2020-03-02 14:10:22', '2020-03-02 14:10:22'),
(88, 44, 4, '120 Mbps', 0, '2020-03-02 14:10:22', '2020-03-02 14:10:22'),
(89, 45, 3, 'Internet Dedicado', 0, '2020-03-02 14:10:46', '2020-03-02 14:10:46'),
(90, 45, 4, '150 Mbps', 0, '2020-03-02 14:10:46', '2020-03-02 14:10:46'),
(91, 46, 3, 'Internet Dedicado', 0, '2020-03-02 14:11:12', '2020-03-02 14:11:12'),
(92, 46, 4, '200 Mbps', 0, '2020-03-02 14:11:12', '2020-03-02 14:11:12'),
(93, 47, 3, 'Internet Dedicado', 0, '2020-03-02 14:11:34', '2020-03-02 14:11:34'),
(94, 47, 4, '250 Mbps', 0, '2020-03-02 14:11:34', '2020-03-02 14:11:34'),
(95, 48, 3, 'Internet Dedicado', 0, '2020-03-02 14:12:01', '2020-03-02 14:12:01'),
(96, 48, 4, '300 Mbps', 0, '2020-03-02 14:12:01', '2020-03-02 14:12:01'),
(97, 49, 3, 'Internet Dedicado', 0, '2020-03-02 14:12:20', '2020-03-02 14:12:20'),
(98, 49, 4, '400 Mbps', 0, '2020-03-02 14:12:20', '2020-03-02 14:12:20'),
(99, 50, 3, 'Internet Dedicado', 0, '2020-03-02 14:12:45', '2020-03-02 14:12:45'),
(100, 50, 4, '500 Mbps', 0, '2020-03-02 14:12:45', '2020-03-02 14:12:45'),
(101, 51, 3, 'Internet Dedicado', 0, '2020-03-02 14:13:12', '2020-03-02 14:13:12'),
(102, 51, 4, '800 Mbps', 0, '2020-03-02 14:13:12', '2020-03-02 14:13:12'),
(103, 52, 3, 'Internet Dedicado', 0, '2020-03-02 14:13:33', '2020-03-02 14:13:33'),
(104, 52, 4, '1000 Mbps', 0, '2020-03-02 14:13:34', '2020-03-02 14:13:34'),
(105, 53, 3, 'Fibra Óptica', 0, '2020-03-02 14:22:15', '2020-03-02 14:22:15'),
(106, 53, 4, '10 Mbps', 0, '2020-03-02 14:22:15', '2020-03-02 14:22:15'),
(107, 54, 3, 'Fibra Óptica', 0, '2020-03-02 14:23:09', '2020-03-02 14:23:09'),
(108, 54, 4, '20 Mbps', 0, '2020-03-02 14:23:09', '2020-03-02 14:23:09'),
(109, 55, 3, 'Fibra Óptica', 0, '2020-03-02 14:23:23', '2020-03-02 14:23:23'),
(110, 55, 4, '30 Mbps', 0, '2020-03-02 14:23:23', '2020-03-02 14:23:23'),
(111, 56, 3, 'Fibra Óptica', 0, '2020-03-02 14:23:46', '2020-03-02 14:23:46'),
(112, 56, 4, '50 Mbps', 0, '2020-03-02 14:23:46', '2020-03-02 14:23:46'),
(113, 57, 3, 'Fibra Óptica', 0, '2020-03-02 14:24:06', '2020-03-02 14:24:06'),
(114, 57, 4, '100 Mbps', 0, '2020-03-02 14:24:06', '2020-03-02 14:24:06'),
(115, 58, 3, 'Fibra Óptica', 0, '2020-03-02 14:24:24', '2020-03-02 14:24:24'),
(116, 58, 4, '200 Mbps', 0, '2020-03-02 14:24:24', '2020-03-02 14:24:24'),
(117, 59, 3, 'Fibra Óptica', 0, '2020-03-02 14:25:06', '2020-03-02 14:25:06'),
(118, 59, 4, '30 Mbps', 0, '2020-03-02 14:25:06', '2020-03-02 14:25:06'),
(119, 60, 3, 'Fibra Óptica', 0, '2020-03-02 14:25:22', '2020-03-02 14:25:22'),
(120, 60, 4, '50 Mbps', 0, '2020-03-02 14:25:23', '2020-03-02 14:25:23'),
(121, 61, 3, 'Fibra Óptica', 0, '2020-03-02 14:25:42', '2020-03-02 14:25:42'),
(122, 61, 4, '100 Mbps', 0, '2020-03-02 14:25:42', '2020-03-02 14:25:42'),
(123, 62, 3, 'Fibra Óptica', 0, '2020-03-02 14:26:00', '2020-03-02 14:26:00'),
(124, 62, 4, '200 Mbps', 0, '2020-03-02 14:26:00', '2020-03-02 14:26:00'),
(125, 63, 3, 'Fibra Óptica', 0, '2020-03-02 14:26:16', '2020-03-02 14:26:16'),
(126, 63, 4, '300 Mbps', 0, '2020-03-02 14:26:16', '2020-03-02 14:26:16'),
(127, 64, 3, 'Fibra Optica', 0, '2020-03-02 14:35:19', '2020-03-02 14:35:19'),
(128, 64, 4, '10 Mbps', 0, '2020-03-02 14:35:19', '2020-03-02 14:35:19'),
(129, 65, 3, 'Fibra Optica', 0, '2020-03-02 14:36:38', '2020-03-02 14:36:38'),
(130, 65, 4, '20 Mbps', 0, '2020-03-02 14:36:38', '2020-03-02 14:36:38'),
(131, 66, 3, 'Fibra Optica', 0, '2020-03-02 14:36:59', '2020-03-02 14:36:59'),
(132, 66, 4, '40 Mbps', 0, '2020-03-02 14:36:59', '2020-03-02 14:36:59'),
(133, 67, 3, 'Fibra Optica', 0, '2020-03-02 14:37:17', '2020-03-02 14:37:17'),
(134, 67, 4, '50 Mbps', 0, '2020-03-02 14:37:17', '2020-03-02 14:37:17'),
(135, 68, 3, 'Fibra Optica', 0, '2020-03-02 14:37:36', '2020-03-02 14:37:36'),
(136, 68, 4, '100 Mbps', 0, '2020-03-02 14:37:36', '2020-03-02 14:37:36'),
(137, 69, 3, 'Fibra Optica', 0, '2020-03-02 14:37:53', '2020-03-02 14:37:53'),
(138, 69, 4, '150 Mbps', 0, '2020-03-02 14:37:53', '2020-03-02 14:37:53'),
(139, 70, 3, 'Satelital', 0, '2020-03-02 14:44:46', '2020-03-02 14:44:46'),
(140, 70, 4, '20 Mbps', 0, '2020-03-02 14:44:46', '2020-03-02 14:44:46'),
(141, 71, 3, 'Satelital', 0, '2020-03-02 14:45:11', '2020-03-02 14:45:11'),
(142, 71, 4, '30 Mbps', 0, '2020-03-02 14:45:11', '2020-03-02 14:45:11'),
(143, 72, 3, 'Satelital', 0, '2020-03-02 14:45:34', '2020-03-02 14:45:34'),
(144, 72, 4, '40 Mbps', 0, '2020-03-02 14:45:34', '2020-03-02 14:45:34'),
(145, 73, 3, 'Satelital', 0, '2020-03-02 14:45:52', '2020-03-02 14:45:52'),
(146, 73, 4, '50 Mbps', 0, '2020-03-02 14:45:52', '2020-03-02 14:45:52'),
(147, 74, 3, 'Satelital', 0, '2020-03-02 14:46:26', '2020-03-02 14:46:26'),
(148, 74, 4, '20 Mbps', 0, '2020-03-02 14:46:26', '2020-03-02 14:46:26'),
(149, 75, 3, 'Satelital', 0, '2020-03-02 14:46:46', '2020-03-02 14:46:46'),
(150, 75, 4, '30 Mbps', 0, '2020-03-02 14:46:46', '2020-03-02 14:46:46'),
(151, 76, 3, 'Satelital', 0, '2020-03-02 14:47:04', '2020-03-02 14:47:04'),
(152, 76, 4, '40 Mbps', 0, '2020-03-02 14:47:04', '2020-03-02 14:47:04'),
(153, 77, 3, 'Satelital', 0, '2020-03-02 14:47:25', '2020-03-02 14:47:25'),
(154, 77, 4, '50 Mbps', 0, '2020-03-02 14:47:25', '2020-03-02 14:47:25'),
(155, 78, 3, 'Satelital', 0, '2020-03-02 14:48:03', '2020-03-02 14:48:03'),
(156, 78, 4, '20 Mbps', 0, '2020-03-02 14:48:03', '2020-03-02 14:48:03'),
(157, 79, 3, 'Satelital', 0, '2020-03-02 14:48:23', '2020-03-02 14:48:23'),
(158, 79, 4, '30 Mbps', 0, '2020-03-02 14:48:23', '2020-03-02 14:48:23'),
(159, 80, 3, 'Satelital', 0, '2020-03-02 14:48:41', '2020-03-02 14:48:41'),
(160, 80, 4, '40 Mbps', 0, '2020-03-02 14:48:41', '2020-03-02 14:48:41'),
(161, 81, 3, 'Satelital', 0, '2020-03-02 14:49:00', '2020-03-02 14:49:00'),
(162, 81, 4, '50 Mbps', 0, '2020-03-02 14:49:00', '2020-03-02 14:49:00'),
(163, 82, 3, 'Satelital', 0, '2020-03-02 14:50:05', '2020-03-02 14:50:05'),
(164, 82, 4, '20 Mbps', 0, '2020-03-02 14:50:05', '2020-03-02 14:50:05'),
(165, 83, 3, 'Satelital', 0, '2020-03-02 14:50:32', '2020-03-02 14:50:32'),
(166, 83, 4, '25 Mbps', 0, '2020-03-02 14:50:32', '2020-03-02 14:50:32'),
(167, 84, 3, 'Satelital', 0, '2020-03-02 14:50:53', '2020-03-02 14:50:53'),
(168, 84, 4, '30 Mbps', 0, '2020-03-02 14:50:53', '2020-03-02 14:50:53'),
(169, 85, 3, 'Satelital', 0, '2020-03-02 14:51:20', '2020-03-02 14:51:20'),
(170, 85, 4, '40 Mbps', 0, '2020-03-02 14:51:20', '2020-03-02 14:51:20'),
(171, 86, 3, 'Satelital', 0, '2020-03-02 14:51:40', '2020-03-02 14:51:40'),
(172, 86, 4, '50 Mbps', 0, '2020-03-02 14:51:40', '2020-03-02 14:51:40'),
(173, 87, 5, 'Central Virtual ', 0, '2020-03-02 15:05:57', '2020-03-02 15:05:57'),
(174, 87, 6, 'Teléfono Físico + Softphone + Minutos Ilimitados', 0, '2020-03-02 15:05:57', '2020-03-02 15:05:57'),
(175, 88, 5, 'Sip Trunk', 0, '2020-03-02 15:07:49', '2020-03-02 15:09:57'),
(176, 88, 6, 'Softphone + Minutos Ilimitados', 0, '2020-03-02 15:07:49', '2020-03-02 15:07:49'),
(177, 89, 5, 'Central Virtual ', 0, '2020-03-02 15:08:59', '2020-03-02 15:08:59'),
(178, 89, 6, 'Softphone + Minutos Ilimitados', 0, '2020-03-02 15:08:59', '2020-03-02 15:08:59'),
(179, 90, 3, 'Fibra Optica', 0, '2020-03-06 14:34:22', '2020-03-06 14:34:22'),
(180, 90, 4, '30 Mbps', 0, '2020-03-06 14:34:22', '2020-03-06 14:34:22'),
(181, 91, 3, 'Fibra Optica', 0, '2020-03-06 14:35:26', '2020-03-06 14:35:26'),
(182, 91, 4, '60 Mbps', 0, '2020-03-06 14:35:26', '2020-03-06 14:35:26'),
(183, 92, 3, 'Fibra Optica', 0, '2020-03-06 14:35:49', '2020-03-06 14:35:49'),
(184, 92, 4, '120 Mbps', 0, '2020-03-06 14:35:49', '2020-03-06 14:35:49'),
(207, 104, 3, 'Satelital', 0, '2020-09-25 17:00:35', '2020-09-25 17:00:35'),
(208, 104, 4, ' ', 0, '2020-09-25 17:00:35', '2020-09-25 17:00:35'),
(209, 105, 3, 'Fibra Optica', 0, '2020-09-25 17:06:26', '2020-09-25 17:06:26'),
(210, 105, 4, '10 Mbps', 0, '2020-09-25 17:06:26', '2020-09-25 17:06:26'),
(213, 107, 3, 'Fibra Optica', 0, '2020-09-25 17:24:02', '2020-09-25 17:24:02'),
(214, 107, 4, '10 Mbps', 0, '2020-09-25 17:24:02', '2020-09-25 17:24:02'),
(215, 108, 5, 'Central Virtual', 0, '2020-09-29 17:18:41', '2020-09-29 17:18:41'),
(216, 108, 6, 'Incluye Teléfono IP.', 0, '2020-09-29 17:18:41', '2020-09-29 17:18:41'),
(217, 109, 3, 'Fibra optica', 0, '2020-09-29 17:39:42', '2020-09-29 17:39:42'),
(218, 109, 4, 'desde 50mbps hasta 5.000 mbps ', 0, '2020-09-29 17:39:42', '2020-09-29 17:39:42'),
(219, 110, 3, 'Fibra Optica 99.98% de disponibilidad', 0, '2020-09-29 17:45:38', '2020-09-29 17:45:38'),
(220, 110, 4, ' Analítica e Internet dedicado de 10 Mbps ', 0, '2020-09-29 17:45:38', '2020-09-29 17:45:38'),
(221, 111, 21, '1 Mbps', 0, '2020-09-29 18:11:56', '2020-09-29 18:11:56'),
(222, 111, 22, 'Se caracteriza por el nivel de satisfacción al cliente en el 2019 tuvo un puntaje de 8.51 , superior a la media del mercado', 0, '2020-09-29 18:11:56', '2020-09-29 18:11:56'),
(223, 112, 3, 'fibra', 0, '2020-11-17 19:31:42', '2020-11-17 19:31:42'),
(224, 112, 4, '1000', 0, '2020-11-17 19:31:42', '2020-11-17 19:31:42'),
(225, 113, 5, 'Vozip', 0, '2020-11-19 14:52:27', '2020-11-19 14:52:27'),
(226, 113, 6, 'Telefono ip gratis', 0, '2020-11-19 14:52:27', '2020-11-19 14:52:27'),
(227, 114, 3, 'fibra optica', 0, '2020-11-25 22:44:22', '2020-11-25 22:44:22'),
(228, 114, 4, '100', 0, '2020-11-25 22:44:22', '2020-11-25 22:44:22'),
(229, 115, 3, 'Fibra optica', 0, '2020-11-25 22:50:19', '2020-11-25 22:50:19'),
(230, 115, 4, '50000000', 0, '2020-11-25 22:50:19', '2020-11-25 22:50:19'),
(231, 116, 3, 'Fibra optica', 0, '2020-11-25 22:52:59', '2020-11-25 22:52:59'),
(232, 116, 4, '100', 0, '2020-11-25 22:52:59', '2020-11-25 22:52:59'),
(233, 117, 3, 'fibra optica', 0, '2020-11-26 15:38:35', '2020-11-26 15:38:35'),
(234, 117, 4, '150', 0, '2020-11-26 15:38:35', '2020-11-26 15:38:35'),
(235, 118, 15, 'Fibra Optica', 0, '2020-11-30 19:38:42', '2020-11-30 19:38:42'),
(236, 118, 16, '100', 0, '2020-11-30 19:38:42', '2020-11-30 19:38:42'),
(237, 119, 17, 'Fibra Optica', 0, '2020-11-30 20:34:49', '2020-11-30 20:34:49'),
(238, 119, 18, '100', 0, '2020-11-30 20:34:49', '2020-11-30 20:34:49'),
(239, 120, 17, 'Satelital', 0, '2020-11-30 20:43:38', '2020-11-30 20:43:38'),
(240, 120, 18, '150', 0, '2020-11-30 20:43:38', '2020-11-30 20:43:38');

-- --------------------------------------------------------

--
-- Table structure for table `highlights`
--

CREATE TABLE `highlights` (
  `id` bigint(20) UNSIGNED NOT NULL,
  `highlighted_expiration` timestamp NOT NULL DEFAULT CURRENT_TIMESTAMP ON UPDATE CURRENT_TIMESTAMP,
  `department` bigint(20) UNSIGNED NOT NULL,
  `municipality` bigint(20) UNSIGNED NOT NULL,
  `offer` bigint(20) UNSIGNED NOT NULL,
  `created_at` timestamp NULL DEFAULT NULL,
  `updated_at` timestamp NULL DEFAULT NULL
) ENGINE=InnoDB DEFAULT CHARSET=utf8mb4 COLLATE=utf8mb4_unicode_ci;

--
-- Dumping data for table `highlights`
--

INSERT INTO `highlights` (`id`, `highlighted_expiration`, `department`, `municipality`, `offer`, `created_at`, `updated_at`) VALUES
(1, '2020-12-30 05:00:00', 11, 107, 1, '2020-03-02 15:11:06', '2020-10-07 16:03:24'),
(2, '2020-06-30 05:00:00', 15, 1013, 27, '2020-03-02 15:12:02', '2020-03-02 15:12:02'),
(3, '2020-06-30 05:00:00', 5, 91, 89, '2020-03-02 15:16:36', '2020-03-02 15:16:36'),
(4, '2020-12-30 05:00:00', 11, 107, 87, '2020-03-02 15:19:26', '2020-10-07 16:03:02'),
(5, '2020-12-30 05:00:00', 11, 107, 88, '2020-03-02 15:19:42', '2020-10-07 16:03:05'),
(6, '2020-06-30 05:00:00', 11, 107, 82, '2020-03-02 15:20:41', '2020-03-02 15:20:41'),
(7, '2020-06-30 05:00:00', 11, 107, 70, '2020-03-02 15:20:55', '2020-03-02 15:20:55'),
(8, '2020-06-30 05:00:00', 11, 107, 75, '2020-03-02 15:21:18', '2020-03-02 15:21:18'),
(9, '2020-06-30 05:00:00', 11, 107, 78, '2020-03-02 15:22:11', '2020-03-02 15:22:11'),
(10, '2020-06-30 05:00:00', 13, 171, 40, '2020-03-03 13:54:25', '2020-03-03 13:54:25'),
(11, '2020-06-30 05:00:00', 13, 171, 87, '2020-03-03 13:55:03', '2020-03-03 13:55:03'),
(12, '2020-06-30 05:00:00', 13, 171, 88, '2020-03-03 13:55:21', '2020-03-03 13:55:21'),
(13, '2020-06-30 05:00:00', 13, 171, 64, '2020-03-03 13:56:08', '2020-03-03 13:56:08'),
(14, '2020-06-30 05:00:00', 13, 171, 82, '2020-03-03 13:56:48', '2020-03-03 13:56:48'),
(15, '2020-06-30 05:00:00', 66, 657, 27, '2020-03-03 23:01:28', '2020-03-03 23:01:28'),
(20, '2020-10-31 06:00:00', 11, 107, 104, '2020-09-25 17:02:46', '2020-09-25 17:02:46'),
(21, '2020-10-31 06:00:00', 11, 107, 105, '2020-09-25 17:10:17', '2020-09-25 17:10:17'),
(23, '2021-09-30 05:00:00', 11, 107, 107, '2020-09-25 17:24:34', '2020-09-25 17:24:34'),
(25, '2021-11-30 06:00:00', 11, 107, 108, '2020-09-29 17:19:21', '2020-09-29 17:19:21'),
(26, '2021-09-30 05:00:00', 11, 107, 109, '2020-09-29 17:40:22', '2020-09-29 17:40:22'),
(27, '2021-09-30 05:00:00', 11, 107, 110, '2020-09-29 17:46:12', '2020-09-29 17:46:12'),
(28, '2021-09-30 05:00:00', 11, 107, 111, '2020-09-29 18:12:30', '2020-09-29 18:12:30'),
(32, '2020-12-30 05:00:00', 11, 107, 89, '2020-10-07 16:03:09', '2020-10-07 16:03:09'),
(33, '2020-12-30 05:00:00', 11, 107, 26, '2020-10-07 16:03:27', '2020-10-07 16:03:27'),
(34, '2020-12-30 05:00:00', 11, 107, 3, '2020-10-07 16:03:38', '2020-10-07 16:03:38');

-- --------------------------------------------------------

--
-- Table structure for table `migrations`
--

CREATE TABLE `migrations` (
  `id` int(10) UNSIGNED NOT NULL,
  `migration` varchar(255) COLLATE utf8mb4_unicode_ci NOT NULL,
  `batch` int(11) NOT NULL
) ENGINE=InnoDB DEFAULT CHARSET=utf8mb4 COLLATE=utf8mb4_unicode_ci;

--
-- Dumping data for table `migrations`
--

INSERT INTO `migrations` (`id`, `migration`, `batch`) VALUES
(156, '2014_10_12_000000_create_users_table', 1),
(157, '2020_01_21_201231_create_departments_table', 1),
(158, '2020_01_21_201248_create_municipalities_table', 1),
(159, '2020_01_22_011025_create_companies_table', 1),
(160, '2020_01_22_175031_create_services_table', 1),
(161, '2020_01_22_182047_create_offers_table', 1),
(162, '2020_02_03_160120_create_fields_table', 1),
(163, '2020_02_04_091713_create_fields_values_table', 1),
(164, '2020_02_21_105816_create_configs_table', 1),
(165, '2020_02_27_114100_create_highlights_table', 1);

-- --------------------------------------------------------

--
-- Table structure for table `municipalities`
--

CREATE TABLE `municipalities` (
  `id` bigint(20) UNSIGNED NOT NULL,
  `name` varchar(255) COLLATE utf8mb4_unicode_ci NOT NULL,
  `department_id` bigint(20) UNSIGNED NOT NULL,
  `trash` tinyint(1) NOT NULL DEFAULT '0',
  `created_at` timestamp NULL DEFAULT NULL,
  `updated_at` timestamp NULL DEFAULT NULL
) ENGINE=InnoDB DEFAULT CHARSET=utf8mb4 COLLATE=utf8mb4_unicode_ci;

--
-- Dumping data for table `municipalities`
--

INSERT INTO `municipalities` (`id`, `name`, `department_id`, `trash`, `created_at`, `updated_at`) VALUES
(1, 'Abriaquí', 5, 0, '2020-02-29 19:40:31', '2020-02-29 19:40:31'),
(2, 'Acacías', 50, 0, '2020-02-29 19:40:31', '2020-02-29 19:40:31'),
(3, 'Acandí', 27, 0, '2020-02-29 19:40:31', '2020-02-29 19:40:31'),
(4, 'Acevedo', 41, 0, '2020-02-29 19:40:31', '2020-02-29 19:40:31'),
(5, 'Achí', 13, 0, '2020-02-29 19:40:31', '2020-02-29 19:40:31'),
(6, 'Agrado', 41, 0, '2020-02-29 19:40:31', '2020-02-29 19:40:31'),
(7, 'Agua de Dios', 25, 0, '2020-02-29 19:40:31', '2020-02-29 19:40:31'),
(8, 'Aguachica', 20, 0, '2020-02-29 19:40:31', '2020-02-29 19:40:31'),
(9, 'Aguada', 68, 0, '2020-02-29 19:40:31', '2020-02-29 19:40:31'),
(10, 'Aguadas', 17, 0, '2020-02-29 19:40:31', '2020-02-29 19:40:31'),
(11, 'Aguazul', 85, 0, '2020-02-29 19:40:31', '2020-02-29 19:40:31'),
(12, 'Agustín Codazzi', 20, 0, '2020-02-29 19:40:31', '2020-02-29 19:40:31'),
(13, 'Aipe', 41, 0, '2020-02-29 19:40:31', '2020-02-29 19:40:31'),
(14, 'Albania', 18, 0, '2020-02-29 19:40:31', '2020-02-29 19:40:31'),
(15, 'Albania', 44, 0, '2020-02-29 19:40:31', '2020-02-29 19:40:31'),
(16, 'Albania', 68, 0, '2020-02-29 19:40:31', '2020-02-29 19:40:31'),
(17, 'Albán', 25, 0, '2020-02-29 19:40:31', '2020-02-29 19:40:31'),
(18, 'Albán (San José)', 52, 0, '2020-02-29 19:40:31', '2020-02-29 19:40:31'),
(19, 'Alcalá', 76, 0, '2020-02-29 19:40:31', '2020-02-29 19:40:31'),
(20, 'Alejandria', 5, 0, '2020-02-29 19:40:31', '2020-02-29 19:40:31'),
(21, 'Algarrobo', 47, 0, '2020-02-29 19:40:31', '2020-02-29 19:40:31'),
(22, 'Algeciras', 41, 0, '2020-02-29 19:40:31', '2020-02-29 19:40:31'),
(23, 'Almaguer', 19, 0, '2020-02-29 19:40:31', '2020-02-29 19:40:31'),
(24, 'Almeida', 15, 0, '2020-02-29 19:40:31', '2020-02-29 19:40:31'),
(25, 'Alpujarra', 73, 0, '2020-02-29 19:40:31', '2020-02-29 19:40:31'),
(26, 'Altamira', 41, 0, '2020-02-29 19:40:31', '2020-02-29 19:40:31'),
(27, 'Alto Baudó (Pie de Pato)', 27, 0, '2020-02-29 19:40:31', '2020-02-29 19:40:31'),
(28, 'Altos del Rosario', 13, 0, '2020-02-29 19:40:31', '2020-02-29 19:40:31'),
(29, 'Alvarado', 73, 0, '2020-02-29 19:40:31', '2020-02-29 19:40:31'),
(30, 'Amagá', 5, 0, '2020-02-29 19:40:31', '2020-02-29 19:40:31'),
(31, 'Amalfi', 5, 0, '2020-02-29 19:40:31', '2020-02-29 19:40:31'),
(32, 'Ambalema', 73, 0, '2020-02-29 19:40:31', '2020-02-29 19:40:31'),
(33, 'Anapoima', 25, 0, '2020-02-29 19:40:31', '2020-02-29 19:40:31'),
(34, 'Ancuya', 52, 0, '2020-02-29 19:40:31', '2020-02-29 19:40:31'),
(35, 'Andalucía', 76, 0, '2020-02-29 19:40:31', '2020-02-29 19:40:31'),
(36, 'Andes', 5, 0, '2020-02-29 19:40:31', '2020-02-29 19:40:31'),
(37, 'Angelópolis', 5, 0, '2020-02-29 19:40:31', '2020-02-29 19:40:31'),
(38, 'Angostura', 5, 0, '2020-02-29 19:40:31', '2020-02-29 19:40:31'),
(39, 'Anolaima', 25, 0, '2020-02-29 19:40:31', '2020-02-29 19:40:31'),
(40, 'Anorí', 5, 0, '2020-02-29 19:40:31', '2020-02-29 19:40:31'),
(41, 'Anserma', 17, 0, '2020-02-29 19:40:31', '2020-02-29 19:40:31'),
(42, 'Ansermanuevo', 76, 0, '2020-02-29 19:40:31', '2020-02-29 19:40:31'),
(43, 'Anzoátegui', 73, 0, '2020-02-29 19:40:31', '2020-02-29 19:40:31'),
(44, 'Anzá', 5, 0, '2020-02-29 19:40:31', '2020-02-29 19:40:31'),
(45, 'Apartadó', 5, 0, '2020-02-29 19:40:31', '2020-02-29 19:40:31'),
(46, 'Apulo', 25, 0, '2020-02-29 19:40:31', '2020-02-29 19:40:31'),
(47, 'Apía', 66, 0, '2020-02-29 19:40:31', '2020-02-29 19:40:31'),
(48, 'Aquitania', 15, 0, '2020-02-29 19:40:31', '2020-02-29 19:40:31'),
(49, 'Aracataca', 47, 0, '2020-02-29 19:40:31', '2020-02-29 19:40:31'),
(50, 'Aranzazu', 17, 0, '2020-02-29 19:40:31', '2020-02-29 19:40:31'),
(51, 'Aratoca', 68, 0, '2020-02-29 19:40:31', '2020-02-29 19:40:31'),
(52, 'Arauca', 81, 0, '2020-02-29 19:40:31', '2020-02-29 19:40:31'),
(53, 'Arauquita', 81, 0, '2020-02-29 19:40:31', '2020-02-29 19:40:31'),
(54, 'Arbeláez', 25, 0, '2020-02-29 19:40:31', '2020-02-29 19:40:31'),
(55, 'Arboleda (Berruecos)', 52, 0, '2020-02-29 19:40:31', '2020-02-29 19:40:31'),
(56, 'Arboledas', 54, 0, '2020-02-29 19:40:31', '2020-02-29 19:40:31'),
(57, 'Arboletes', 5, 0, '2020-02-29 19:40:31', '2020-02-29 19:40:31'),
(58, 'Arcabuco', 15, 0, '2020-02-29 19:40:31', '2020-02-29 19:40:31'),
(59, 'Arenal', 13, 0, '2020-02-29 19:40:31', '2020-02-29 19:40:31'),
(60, 'Argelia', 5, 0, '2020-02-29 19:40:31', '2020-02-29 19:40:31'),
(61, 'Argelia', 19, 0, '2020-02-29 19:40:31', '2020-02-29 19:40:31'),
(62, 'Argelia', 76, 0, '2020-02-29 19:40:31', '2020-02-29 19:40:31'),
(63, 'Ariguaní (El Difícil)', 47, 0, '2020-02-29 19:40:31', '2020-02-29 19:40:31'),
(64, 'Arjona', 13, 0, '2020-02-29 19:40:31', '2020-02-29 19:40:31'),
(65, 'Armenia', 5, 0, '2020-02-29 19:40:31', '2020-02-29 19:40:31'),
(66, 'Armenia', 63, 0, '2020-02-29 19:40:31', '2020-02-29 19:40:31'),
(67, 'Armero (Guayabal)', 73, 0, '2020-02-29 19:40:31', '2020-02-29 19:40:31'),
(68, 'Arroyohondo', 13, 0, '2020-02-29 19:40:31', '2020-02-29 19:40:31'),
(69, 'Astrea', 20, 0, '2020-02-29 19:40:31', '2020-02-29 19:40:31'),
(70, 'Ataco', 73, 0, '2020-02-29 19:40:31', '2020-02-29 19:40:31'),
(71, 'Atrato (Yuto)', 27, 0, '2020-02-29 19:40:31', '2020-02-29 19:40:31'),
(72, 'Ayapel', 23, 0, '2020-02-29 19:40:31', '2020-02-29 19:40:31'),
(73, 'Bagadó', 27, 0, '2020-02-29 19:40:31', '2020-02-29 19:40:31'),
(74, 'Bahía Solano (Mútis)', 27, 0, '2020-02-29 19:40:31', '2020-02-29 19:40:31'),
(75, 'Bajo Baudó (Pizarro)', 27, 0, '2020-02-29 19:40:31', '2020-02-29 19:40:31'),
(76, 'Balboa', 19, 0, '2020-02-29 19:40:31', '2020-02-29 19:40:31'),
(77, 'Balboa', 66, 0, '2020-02-29 19:40:31', '2020-02-29 19:40:31'),
(78, 'Baranoa', 8, 0, '2020-02-29 19:40:31', '2020-02-29 19:40:31'),
(79, 'Baraya', 41, 0, '2020-02-29 19:40:31', '2020-02-29 19:40:31'),
(80, 'Barbacoas', 52, 0, '2020-02-29 19:40:31', '2020-02-29 19:40:31'),
(81, 'Barbosa', 5, 0, '2020-02-29 19:40:31', '2020-02-29 19:40:31'),
(82, 'Barbosa', 68, 0, '2020-02-29 19:40:31', '2020-02-29 19:40:31'),
(83, 'Barichara', 68, 0, '2020-02-29 19:40:31', '2020-02-29 19:40:31'),
(84, 'Barranca de Upía', 50, 0, '2020-02-29 19:40:31', '2020-02-29 19:40:31'),
(85, 'Barrancabermeja', 68, 0, '2020-02-29 19:40:31', '2020-02-29 19:40:31'),
(86, 'Barrancas', 44, 0, '2020-02-29 19:40:31', '2020-02-29 19:40:31'),
(87, 'Barranco de Loba', 13, 0, '2020-02-29 19:40:31', '2020-02-29 19:40:31'),
(88, 'Barranquilla', 8, 0, '2020-02-29 19:40:31', '2020-02-29 19:40:31'),
(89, 'Becerríl', 20, 0, '2020-02-29 19:40:31', '2020-02-29 19:40:31'),
(90, 'Belalcázar', 17, 0, '2020-02-29 19:40:31', '2020-02-29 19:40:31'),
(91, 'Bello', 5, 0, '2020-02-29 19:40:31', '2020-02-29 19:40:31'),
(92, 'Belmira', 5, 0, '2020-02-29 19:40:31', '2020-02-29 19:40:31'),
(93, 'Beltrán', 25, 0, '2020-02-29 19:40:31', '2020-02-29 19:40:31'),
(94, 'Belén', 15, 0, '2020-02-29 19:40:31', '2020-02-29 19:40:31'),
(95, 'Belén', 52, 0, '2020-02-29 19:40:31', '2020-02-29 19:40:31'),
(96, 'Belén de Bajirá', 27, 0, '2020-02-29 19:40:31', '2020-02-29 19:40:31'),
(97, 'Belén de Umbría', 66, 0, '2020-02-29 19:40:31', '2020-02-29 19:40:31'),
(98, 'Belén de los Andaquíes', 18, 0, '2020-02-29 19:40:31', '2020-02-29 19:40:31'),
(99, 'Berbeo', 15, 0, '2020-02-29 19:40:31', '2020-02-29 19:40:31'),
(100, 'Betania', 5, 0, '2020-02-29 19:40:31', '2020-02-29 19:40:31'),
(101, 'Beteitiva', 15, 0, '2020-02-29 19:40:31', '2020-02-29 19:40:31'),
(102, 'Betulia', 5, 0, '2020-02-29 19:40:31', '2020-02-29 19:40:31'),
(103, 'Betulia', 68, 0, '2020-02-29 19:40:31', '2020-02-29 19:40:31'),
(104, 'Bituima', 25, 0, '2020-02-29 19:40:31', '2020-02-29 19:40:31'),
(105, 'Boavita', 15, 0, '2020-02-29 19:40:31', '2020-02-29 19:40:31'),
(106, 'Bochalema', 54, 0, '2020-02-29 19:40:31', '2020-02-29 19:40:31'),
(107, 'Bogotá D.C.', 11, 0, '2020-02-29 19:40:31', '2020-02-29 19:40:31'),
(108, 'Bojacá', 25, 0, '2020-02-29 19:40:31', '2020-02-29 19:40:31'),
(109, 'Bojayá (Bellavista)', 27, 0, '2020-02-29 19:40:31', '2020-02-29 19:40:31'),
(110, 'Bolívar', 5, 0, '2020-02-29 19:40:31', '2020-02-29 19:40:31'),
(111, 'Bolívar', 19, 0, '2020-02-29 19:40:31', '2020-02-29 19:40:31'),
(112, 'Bolívar', 68, 0, '2020-02-29 19:40:31', '2020-02-29 19:40:31'),
(113, 'Bolívar', 76, 0, '2020-02-29 19:40:31', '2020-02-29 19:40:31'),
(114, 'Bosconia', 20, 0, '2020-02-29 19:40:31', '2020-02-29 19:40:31'),
(115, 'Boyacá', 15, 0, '2020-02-29 19:40:31', '2020-02-29 19:40:31'),
(116, 'Briceño', 5, 0, '2020-02-29 19:40:31', '2020-02-29 19:40:31'),
(117, 'Briceño', 15, 0, '2020-02-29 19:40:31', '2020-02-29 19:40:31'),
(118, 'Bucaramanga', 68, 0, '2020-02-29 19:40:31', '2020-02-29 19:40:31'),
(119, 'Bucarasica', 54, 0, '2020-02-29 19:40:31', '2020-02-29 19:40:31'),
(120, 'Buenaventura', 76, 0, '2020-02-29 19:40:31', '2020-02-29 19:40:31'),
(121, 'Buenavista', 15, 0, '2020-02-29 19:40:31', '2020-02-29 19:40:31'),
(122, 'Buenavista', 23, 0, '2020-02-29 19:40:31', '2020-02-29 19:40:31'),
(123, 'Buenavista', 63, 0, '2020-02-29 19:40:31', '2020-02-29 19:40:31'),
(124, 'Buenavista', 70, 0, '2020-02-29 19:40:31', '2020-02-29 19:40:31'),
(125, 'Buenos Aires', 19, 0, '2020-02-29 19:40:31', '2020-02-29 19:40:31'),
(126, 'Buesaco', 52, 0, '2020-02-29 19:40:31', '2020-02-29 19:40:31'),
(127, 'Buga', 76, 0, '2020-02-29 19:40:31', '2020-02-29 19:40:31'),
(128, 'Bugalagrande', 76, 0, '2020-02-29 19:40:31', '2020-02-29 19:40:31'),
(129, 'Burítica', 5, 0, '2020-02-29 19:40:31', '2020-02-29 19:40:31'),
(130, 'Busbanza', 15, 0, '2020-02-29 19:40:31', '2020-02-29 19:40:31'),
(131, 'Cabrera', 25, 0, '2020-02-29 19:40:31', '2020-02-29 19:40:31'),
(132, 'Cabrera', 68, 0, '2020-02-29 19:40:31', '2020-02-29 19:40:31'),
(133, 'Cabuyaro', 50, 0, '2020-02-29 19:40:31', '2020-02-29 19:40:31'),
(134, 'Cachipay', 25, 0, '2020-02-29 19:40:31', '2020-02-29 19:40:31'),
(135, 'Caicedo', 5, 0, '2020-02-29 19:40:31', '2020-02-29 19:40:31'),
(136, 'Caicedonia', 76, 0, '2020-02-29 19:40:31', '2020-02-29 19:40:31'),
(137, 'Caimito', 70, 0, '2020-02-29 19:40:31', '2020-02-29 19:40:31'),
(138, 'Cajamarca', 73, 0, '2020-02-29 19:40:31', '2020-02-29 19:40:31'),
(139, 'Cajibío', 19, 0, '2020-02-29 19:40:31', '2020-02-29 19:40:31'),
(140, 'Cajicá', 25, 0, '2020-02-29 19:40:31', '2020-02-29 19:40:31'),
(141, 'Calamar', 13, 0, '2020-02-29 19:40:31', '2020-02-29 19:40:31'),
(142, 'Calamar', 95, 0, '2020-02-29 19:40:31', '2020-02-29 19:40:31'),
(143, 'Calarcá', 63, 0, '2020-02-29 19:40:31', '2020-02-29 19:40:31'),
(144, 'Caldas', 5, 0, '2020-02-29 19:40:31', '2020-02-29 19:40:31'),
(145, 'Caldas', 15, 0, '2020-02-29 19:40:31', '2020-02-29 19:40:31'),
(146, 'Caldono', 19, 0, '2020-02-29 19:40:31', '2020-02-29 19:40:31'),
(147, 'California', 68, 0, '2020-02-29 19:40:31', '2020-02-29 19:40:31'),
(148, 'Calima (Darién)', 76, 0, '2020-02-29 19:40:31', '2020-02-29 19:40:31'),
(149, 'Caloto', 19, 0, '2020-02-29 19:40:31', '2020-02-29 19:40:31'),
(150, 'Calí', 76, 0, '2020-02-29 19:40:31', '2020-02-29 19:40:31'),
(151, 'Campamento', 5, 0, '2020-02-29 19:40:31', '2020-02-29 19:40:31'),
(152, 'Campo de la Cruz', 8, 0, '2020-02-29 19:40:31', '2020-02-29 19:40:31'),
(153, 'Campoalegre', 41, 0, '2020-02-29 19:40:31', '2020-02-29 19:40:31'),
(154, 'Campohermoso', 15, 0, '2020-02-29 19:40:31', '2020-02-29 19:40:31'),
(155, 'Canalete', 23, 0, '2020-02-29 19:40:31', '2020-02-29 19:40:31'),
(156, 'Candelaria', 8, 0, '2020-02-29 19:40:31', '2020-02-29 19:40:31'),
(157, 'Candelaria', 76, 0, '2020-02-29 19:40:31', '2020-02-29 19:40:31'),
(158, 'Cantagallo', 13, 0, '2020-02-29 19:40:31', '2020-02-29 19:40:31'),
(159, 'Cantón de San Pablo', 27, 0, '2020-02-29 19:40:31', '2020-02-29 19:40:31'),
(160, 'Caparrapí', 25, 0, '2020-02-29 19:40:31', '2020-02-29 19:40:31'),
(161, 'Capitanejo', 68, 0, '2020-02-29 19:40:31', '2020-02-29 19:40:31'),
(162, 'Caracolí', 5, 0, '2020-02-29 19:40:31', '2020-02-29 19:40:31'),
(163, 'Caramanta', 5, 0, '2020-02-29 19:40:31', '2020-02-29 19:40:31'),
(164, 'Carcasí', 68, 0, '2020-02-29 19:40:31', '2020-02-29 19:40:31'),
(165, 'Carepa', 5, 0, '2020-02-29 19:40:31', '2020-02-29 19:40:31'),
(166, 'Carmen de Apicalá', 73, 0, '2020-02-29 19:40:31', '2020-02-29 19:40:31'),
(167, 'Carmen de Carupa', 25, 0, '2020-02-29 19:40:31', '2020-02-29 19:40:31'),
(168, 'Carmen de Viboral', 5, 0, '2020-02-29 19:40:31', '2020-02-29 19:40:31'),
(169, 'Carmen del Darién (CURBARADÓ)', 27, 0, '2020-02-29 19:40:31', '2020-02-29 19:40:31'),
(170, 'Carolina', 5, 0, '2020-02-29 19:40:31', '2020-02-29 19:40:31'),
(171, 'Cartagena', 13, 0, '2020-02-29 19:40:31', '2020-02-29 19:40:31'),
(172, 'Cartagena del Chairá', 18, 0, '2020-02-29 19:40:31', '2020-02-29 19:40:31'),
(173, 'Cartago', 76, 0, '2020-02-29 19:40:31', '2020-02-29 19:40:31'),
(174, 'Carurú', 97, 0, '2020-02-29 19:40:31', '2020-02-29 19:40:31'),
(175, 'Casabianca', 73, 0, '2020-02-29 19:40:31', '2020-02-29 19:40:31'),
(176, 'Castilla la Nueva', 50, 0, '2020-02-29 19:40:31', '2020-02-29 19:40:31'),
(177, 'Caucasia', 5, 0, '2020-02-29 19:40:31', '2020-02-29 19:40:31'),
(178, 'Cañasgordas', 5, 0, '2020-02-29 19:40:31', '2020-02-29 19:40:31'),
(179, 'Cepita', 68, 0, '2020-02-29 19:40:31', '2020-02-29 19:40:31'),
(180, 'Cereté', 23, 0, '2020-02-29 19:40:31', '2020-02-29 19:40:31'),
(181, 'Cerinza', 15, 0, '2020-02-29 19:40:31', '2020-02-29 19:40:31'),
(182, 'Cerrito', 68, 0, '2020-02-29 19:40:31', '2020-02-29 19:40:31'),
(183, 'Cerro San Antonio', 47, 0, '2020-02-29 19:40:31', '2020-02-29 19:40:31'),
(184, 'Chachaguí', 52, 0, '2020-02-29 19:40:31', '2020-02-29 19:40:31'),
(185, 'Chaguaní', 25, 0, '2020-02-29 19:40:31', '2020-02-29 19:40:31'),
(186, 'Chalán', 70, 0, '2020-02-29 19:40:31', '2020-02-29 19:40:31'),
(187, 'Chaparral', 73, 0, '2020-02-29 19:40:31', '2020-02-29 19:40:31'),
(188, 'Charalá', 68, 0, '2020-02-29 19:40:31', '2020-02-29 19:40:31'),
(189, 'Charta', 68, 0, '2020-02-29 19:40:31', '2020-02-29 19:40:31'),
(190, 'Chigorodó', 5, 0, '2020-02-29 19:40:31', '2020-02-29 19:40:31'),
(191, 'Chima', 68, 0, '2020-02-29 19:40:31', '2020-02-29 19:40:31'),
(192, 'Chimichagua', 20, 0, '2020-02-29 19:40:31', '2020-02-29 19:40:31'),
(193, 'Chimá', 23, 0, '2020-02-29 19:40:31', '2020-02-29 19:40:31'),
(194, 'Chinavita', 15, 0, '2020-02-29 19:40:31', '2020-02-29 19:40:31'),
(195, 'Chinchiná', 17, 0, '2020-02-29 19:40:31', '2020-02-29 19:40:31'),
(196, 'Chinácota', 54, 0, '2020-02-29 19:40:31', '2020-02-29 19:40:31'),
(197, 'Chinú', 23, 0, '2020-02-29 19:40:31', '2020-02-29 19:40:31'),
(198, 'Chipaque', 25, 0, '2020-02-29 19:40:31', '2020-02-29 19:40:31'),
(199, 'Chipatá', 68, 0, '2020-02-29 19:40:31', '2020-02-29 19:40:31'),
(200, 'Chiquinquirá', 15, 0, '2020-02-29 19:40:31', '2020-02-29 19:40:31'),
(201, 'Chiriguaná', 20, 0, '2020-02-29 19:40:31', '2020-02-29 19:40:31'),
(202, 'Chiscas', 15, 0, '2020-02-29 19:40:31', '2020-02-29 19:40:31'),
(203, 'Chita', 15, 0, '2020-02-29 19:40:31', '2020-02-29 19:40:31'),
(204, 'Chitagá', 54, 0, '2020-02-29 19:40:31', '2020-02-29 19:40:31'),
(205, 'Chitaraque', 15, 0, '2020-02-29 19:40:31', '2020-02-29 19:40:31'),
(206, 'Chivatá', 15, 0, '2020-02-29 19:40:31', '2020-02-29 19:40:31'),
(207, 'Chivolo', 47, 0, '2020-02-29 19:40:31', '2020-02-29 19:40:31'),
(208, 'Choachí', 25, 0, '2020-02-29 19:40:31', '2020-02-29 19:40:31'),
(209, 'Chocontá', 25, 0, '2020-02-29 19:40:31', '2020-02-29 19:40:31'),
(210, 'Chámeza', 85, 0, '2020-02-29 19:40:31', '2020-02-29 19:40:31'),
(211, 'Chía', 25, 0, '2020-02-29 19:40:31', '2020-02-29 19:40:31'),
(212, 'Chíquiza', 15, 0, '2020-02-29 19:40:31', '2020-02-29 19:40:31'),
(213, 'Chívor', 15, 0, '2020-02-29 19:40:31', '2020-02-29 19:40:31'),
(214, 'Cicuco', 13, 0, '2020-02-29 19:40:31', '2020-02-29 19:40:31'),
(215, 'Cimitarra', 68, 0, '2020-02-29 19:40:31', '2020-02-29 19:40:31'),
(216, 'Circasia', 63, 0, '2020-02-29 19:40:31', '2020-02-29 19:40:31'),
(217, 'Cisneros', 5, 0, '2020-02-29 19:40:31', '2020-02-29 19:40:31'),
(218, 'Ciénaga', 15, 0, '2020-02-29 19:40:31', '2020-02-29 19:40:31'),
(219, 'Ciénaga', 47, 0, '2020-02-29 19:40:31', '2020-02-29 19:40:31'),
(220, 'Ciénaga de Oro', 23, 0, '2020-02-29 19:40:31', '2020-02-29 19:40:31'),
(221, 'Clemencia', 13, 0, '2020-02-29 19:40:31', '2020-02-29 19:40:31'),
(222, 'Cocorná', 5, 0, '2020-02-29 19:40:31', '2020-02-29 19:40:31'),
(223, 'Coello', 73, 0, '2020-02-29 19:40:31', '2020-02-29 19:40:31'),
(224, 'Cogua', 25, 0, '2020-02-29 19:40:31', '2020-02-29 19:40:31'),
(225, 'Colombia', 41, 0, '2020-02-29 19:40:31', '2020-02-29 19:40:31'),
(226, 'Colosó (Ricaurte)', 70, 0, '2020-02-29 19:40:31', '2020-02-29 19:40:31'),
(227, 'Colón', 86, 0, '2020-02-29 19:40:31', '2020-02-29 19:40:31'),
(228, 'Colón (Génova)', 52, 0, '2020-02-29 19:40:31', '2020-02-29 19:40:31'),
(229, 'Concepción', 5, 0, '2020-02-29 19:40:31', '2020-02-29 19:40:31'),
(230, 'Concepción', 68, 0, '2020-02-29 19:40:31', '2020-02-29 19:40:31'),
(231, 'Concordia', 5, 0, '2020-02-29 19:40:31', '2020-02-29 19:40:31'),
(232, 'Concordia', 47, 0, '2020-02-29 19:40:31', '2020-02-29 19:40:31'),
(233, 'Condoto', 27, 0, '2020-02-29 19:40:31', '2020-02-29 19:40:31'),
(234, 'Confines', 68, 0, '2020-02-29 19:40:31', '2020-02-29 19:40:31'),
(235, 'Consaca', 52, 0, '2020-02-29 19:40:31', '2020-02-29 19:40:31'),
(236, 'Contadero', 52, 0, '2020-02-29 19:40:31', '2020-02-29 19:40:31'),
(237, 'Contratación', 68, 0, '2020-02-29 19:40:31', '2020-02-29 19:40:31'),
(238, 'Convención', 54, 0, '2020-02-29 19:40:31', '2020-02-29 19:40:31'),
(239, 'Copacabana', 5, 0, '2020-02-29 19:40:31', '2020-02-29 19:40:31'),
(240, 'Coper', 15, 0, '2020-02-29 19:40:31', '2020-02-29 19:40:31'),
(241, 'Cordobá', 63, 0, '2020-02-29 19:40:31', '2020-02-29 19:40:31'),
(242, 'Corinto', 19, 0, '2020-02-29 19:40:31', '2020-02-29 19:40:31'),
(243, 'Coromoro', 68, 0, '2020-02-29 19:40:31', '2020-02-29 19:40:31'),
(244, 'Corozal', 70, 0, '2020-02-29 19:40:31', '2020-02-29 19:40:31'),
(245, 'Corrales', 15, 0, '2020-02-29 19:40:31', '2020-02-29 19:40:31'),
(246, 'Cota', 25, 0, '2020-02-29 19:40:31', '2020-02-29 19:40:31'),
(247, 'Cotorra', 23, 0, '2020-02-29 19:40:31', '2020-02-29 19:40:31'),
(248, 'Covarachía', 15, 0, '2020-02-29 19:40:31', '2020-02-29 19:40:31'),
(249, 'Coveñas', 70, 0, '2020-02-29 19:40:31', '2020-02-29 19:40:31'),
(250, 'Coyaima', 73, 0, '2020-02-29 19:40:31', '2020-02-29 19:40:31'),
(251, 'Cravo Norte', 81, 0, '2020-02-29 19:40:31', '2020-02-29 19:40:31'),
(252, 'Cuaspud (Carlosama)', 52, 0, '2020-02-29 19:40:31', '2020-02-29 19:40:31'),
(253, 'Cubarral', 50, 0, '2020-02-29 19:40:31', '2020-02-29 19:40:31'),
(254, 'Cubará', 15, 0, '2020-02-29 19:40:31', '2020-02-29 19:40:31'),
(255, 'Cucaita', 15, 0, '2020-02-29 19:40:31', '2020-02-29 19:40:31'),
(256, 'Cucunubá', 25, 0, '2020-02-29 19:40:31', '2020-02-29 19:40:31'),
(257, 'Cucutilla', 54, 0, '2020-02-29 19:40:31', '2020-02-29 19:40:31'),
(258, 'Cuitiva', 15, 0, '2020-02-29 19:40:31', '2020-02-29 19:40:31'),
(259, 'Cumaral', 50, 0, '2020-02-29 19:40:31', '2020-02-29 19:40:31'),
(260, 'Cumaribo', 99, 0, '2020-02-29 19:40:31', '2020-02-29 19:40:31'),
(261, 'Cumbal', 52, 0, '2020-02-29 19:40:31', '2020-02-29 19:40:31'),
(262, 'Cumbitara', 52, 0, '2020-02-29 19:40:31', '2020-02-29 19:40:31'),
(263, 'Cunday', 73, 0, '2020-02-29 19:40:31', '2020-02-29 19:40:31'),
(264, 'Curillo', 18, 0, '2020-02-29 19:40:31', '2020-02-29 19:40:31'),
(265, 'Curití', 68, 0, '2020-02-29 19:40:31', '2020-02-29 19:40:31'),
(266, 'Curumaní', 20, 0, '2020-02-29 19:40:31', '2020-02-29 19:40:31'),
(267, 'Cáceres', 5, 0, '2020-02-29 19:40:31', '2020-02-29 19:40:31'),
(268, 'Cáchira', 54, 0, '2020-02-29 19:40:31', '2020-02-29 19:40:31'),
(269, 'Cácota', 54, 0, '2020-02-29 19:40:31', '2020-02-29 19:40:31'),
(270, 'Cáqueza', 25, 0, '2020-02-29 19:40:31', '2020-02-29 19:40:31'),
(271, 'Cértegui', 27, 0, '2020-02-29 19:40:31', '2020-02-29 19:40:31'),
(272, 'Cómbita', 15, 0, '2020-02-29 19:40:31', '2020-02-29 19:40:31'),
(273, 'Córdoba', 13, 0, '2020-02-29 19:40:31', '2020-02-29 19:40:31'),
(274, 'Córdoba', 52, 0, '2020-02-29 19:40:31', '2020-02-29 19:40:31'),
(275, 'Cúcuta', 54, 0, '2020-02-29 19:40:31', '2020-02-29 19:40:31'),
(276, 'Dabeiba', 5, 0, '2020-02-29 19:40:31', '2020-02-29 19:40:31'),
(277, 'Dagua', 76, 0, '2020-02-29 19:40:31', '2020-02-29 19:40:31'),
(278, 'Dibulla', 44, 0, '2020-02-29 19:40:31', '2020-02-29 19:40:31'),
(279, 'Distracción', 44, 0, '2020-02-29 19:40:31', '2020-02-29 19:40:31'),
(280, 'Dolores', 73, 0, '2020-02-29 19:40:31', '2020-02-29 19:40:31'),
(281, 'Don Matías', 5, 0, '2020-02-29 19:40:31', '2020-02-29 19:40:31'),
(282, 'Dos Quebradas', 66, 0, '2020-02-29 19:40:31', '2020-02-29 19:40:31'),
(283, 'Duitama', 15, 0, '2020-02-29 19:40:31', '2020-02-29 19:40:31'),
(284, 'Durania', 54, 0, '2020-02-29 19:40:31', '2020-02-29 19:40:31'),
(285, 'Ebéjico', 5, 0, '2020-02-29 19:40:31', '2020-02-29 19:40:31'),
(286, 'El Bagre', 5, 0, '2020-02-29 19:40:31', '2020-02-29 19:40:31'),
(287, 'El Banco', 47, 0, '2020-02-29 19:40:31', '2020-02-29 19:40:31'),
(288, 'El Cairo', 76, 0, '2020-02-29 19:40:31', '2020-02-29 19:40:31'),
(289, 'El Calvario', 50, 0, '2020-02-29 19:40:31', '2020-02-29 19:40:31'),
(290, 'El Carmen', 54, 0, '2020-02-29 19:40:31', '2020-02-29 19:40:31'),
(291, 'El Carmen', 68, 0, '2020-02-29 19:40:31', '2020-02-29 19:40:31'),
(292, 'El Carmen de Atrato', 27, 0, '2020-02-29 19:40:31', '2020-02-29 19:40:31'),
(293, 'El Carmen de Bolívar', 13, 0, '2020-02-29 19:40:31', '2020-02-29 19:40:31'),
(294, 'El Castillo', 50, 0, '2020-02-29 19:40:31', '2020-02-29 19:40:31'),
(295, 'El Cerrito', 76, 0, '2020-02-29 19:40:31', '2020-02-29 19:40:31'),
(296, 'El Charco', 52, 0, '2020-02-29 19:40:31', '2020-02-29 19:40:31'),
(297, 'El Cocuy', 15, 0, '2020-02-29 19:40:31', '2020-02-29 19:40:31'),
(298, 'El Colegio', 25, 0, '2020-02-29 19:40:31', '2020-02-29 19:40:31'),
(299, 'El Copey', 20, 0, '2020-02-29 19:40:31', '2020-02-29 19:40:31'),
(300, 'El Doncello', 18, 0, '2020-02-29 19:40:31', '2020-02-29 19:40:31'),
(301, 'El Dorado', 50, 0, '2020-02-29 19:40:31', '2020-02-29 19:40:31'),
(302, 'El Dovio', 76, 0, '2020-02-29 19:40:31', '2020-02-29 19:40:31'),
(303, 'El Espino', 15, 0, '2020-02-29 19:40:31', '2020-02-29 19:40:31'),
(304, 'El Guacamayo', 68, 0, '2020-02-29 19:40:31', '2020-02-29 19:40:31'),
(305, 'El Guamo', 13, 0, '2020-02-29 19:40:31', '2020-02-29 19:40:31'),
(306, 'El Molino', 44, 0, '2020-02-29 19:40:31', '2020-02-29 19:40:31'),
(307, 'El Paso', 20, 0, '2020-02-29 19:40:31', '2020-02-29 19:40:31'),
(308, 'El Paujil', 18, 0, '2020-02-29 19:40:31', '2020-02-29 19:40:31'),
(309, 'El Peñol', 52, 0, '2020-02-29 19:40:31', '2020-02-29 19:40:31'),
(310, 'El Peñon', 13, 0, '2020-02-29 19:40:31', '2020-02-29 19:40:31'),
(311, 'El Peñon', 68, 0, '2020-02-29 19:40:31', '2020-02-29 19:40:31'),
(312, 'El Peñón', 25, 0, '2020-02-29 19:40:31', '2020-02-29 19:40:31'),
(313, 'El Piñon', 47, 0, '2020-02-29 19:40:31', '2020-02-29 19:40:31'),
(314, 'El Playón', 68, 0, '2020-02-29 19:40:31', '2020-02-29 19:40:31'),
(315, 'El Retorno', 95, 0, '2020-02-29 19:40:31', '2020-02-29 19:40:31'),
(316, 'El Retén', 47, 0, '2020-02-29 19:40:31', '2020-02-29 19:40:31'),
(317, 'El Roble', 70, 0, '2020-02-29 19:40:31', '2020-02-29 19:40:31'),
(318, 'El Rosal', 25, 0, '2020-02-29 19:40:31', '2020-02-29 19:40:31'),
(319, 'El Rosario', 52, 0, '2020-02-29 19:40:31', '2020-02-29 19:40:31'),
(320, 'El Tablón de Gómez', 52, 0, '2020-02-29 19:40:31', '2020-02-29 19:40:31'),
(321, 'El Tambo', 19, 0, '2020-02-29 19:40:31', '2020-02-29 19:40:31'),
(322, 'El Tambo', 52, 0, '2020-02-29 19:40:31', '2020-02-29 19:40:31'),
(323, 'El Tarra', 54, 0, '2020-02-29 19:40:31', '2020-02-29 19:40:31'),
(324, 'El Zulia', 54, 0, '2020-02-29 19:40:31', '2020-02-29 19:40:31'),
(325, 'El Águila', 76, 0, '2020-02-29 19:40:31', '2020-02-29 19:40:31'),
(326, 'Elías', 41, 0, '2020-02-29 19:40:31', '2020-02-29 19:40:31'),
(327, 'Encino', 68, 0, '2020-02-29 19:40:31', '2020-02-29 19:40:31'),
(328, 'Enciso', 68, 0, '2020-02-29 19:40:31', '2020-02-29 19:40:31'),
(329, 'Entrerríos', 5, 0, '2020-02-29 19:40:31', '2020-02-29 19:40:31'),
(330, 'Envigado', 5, 0, '2020-02-29 19:40:31', '2020-02-29 19:40:31'),
(331, 'Espinal', 73, 0, '2020-02-29 19:40:31', '2020-02-29 19:40:31'),
(332, 'Facatativá', 25, 0, '2020-02-29 19:40:31', '2020-02-29 19:40:31'),
(333, 'Falan', 73, 0, '2020-02-29 19:40:31', '2020-02-29 19:40:31'),
(334, 'Filadelfia', 17, 0, '2020-02-29 19:40:31', '2020-02-29 19:40:31'),
(335, 'Filandia', 63, 0, '2020-02-29 19:40:31', '2020-02-29 19:40:31'),
(336, 'Firavitoba', 15, 0, '2020-02-29 19:40:31', '2020-02-29 19:40:31'),
(337, 'Flandes', 73, 0, '2020-02-29 19:40:31', '2020-02-29 19:40:31'),
(338, 'Florencia', 18, 0, '2020-02-29 19:40:31', '2020-02-29 19:40:31'),
(339, 'Florencia', 19, 0, '2020-02-29 19:40:31', '2020-02-29 19:40:31'),
(340, 'Floresta', 15, 0, '2020-02-29 19:40:31', '2020-02-29 19:40:31'),
(341, 'Florida', 76, 0, '2020-02-29 19:40:31', '2020-02-29 19:40:31'),
(342, 'Floridablanca', 68, 0, '2020-02-29 19:40:31', '2020-02-29 19:40:31'),
(343, 'Florián', 68, 0, '2020-02-29 19:40:31', '2020-02-29 19:40:31'),
(344, 'Fonseca', 44, 0, '2020-02-29 19:40:31', '2020-02-29 19:40:31'),
(345, 'Fortúl', 81, 0, '2020-02-29 19:40:31', '2020-02-29 19:40:31'),
(346, 'Fosca', 25, 0, '2020-02-29 19:40:31', '2020-02-29 19:40:31'),
(347, 'Francisco Pizarro', 52, 0, '2020-02-29 19:40:31', '2020-02-29 19:40:31'),
(348, 'Fredonia', 5, 0, '2020-02-29 19:40:31', '2020-02-29 19:40:31'),
(349, 'Fresno', 73, 0, '2020-02-29 19:40:31', '2020-02-29 19:40:31'),
(350, 'Frontino', 5, 0, '2020-02-29 19:40:31', '2020-02-29 19:40:31'),
(351, 'Fuente de Oro', 50, 0, '2020-02-29 19:40:31', '2020-02-29 19:40:31'),
(352, 'Fundación', 47, 0, '2020-02-29 19:40:31', '2020-02-29 19:40:31'),
(353, 'Funes', 52, 0, '2020-02-29 19:40:31', '2020-02-29 19:40:31'),
(354, 'Funza', 25, 0, '2020-02-29 19:40:31', '2020-02-29 19:40:31'),
(355, 'Fusagasugá', 25, 0, '2020-02-29 19:40:31', '2020-02-29 19:40:31'),
(356, 'Fómeque', 25, 0, '2020-02-29 19:40:31', '2020-02-29 19:40:31'),
(357, 'Fúquene', 25, 0, '2020-02-29 19:40:32', '2020-02-29 19:40:32'),
(358, 'Gachalá', 25, 0, '2020-02-29 19:40:32', '2020-02-29 19:40:32'),
(359, 'Gachancipá', 25, 0, '2020-02-29 19:40:32', '2020-02-29 19:40:32'),
(360, 'Gachantivá', 15, 0, '2020-02-29 19:40:32', '2020-02-29 19:40:32'),
(361, 'Gachetá', 25, 0, '2020-02-29 19:40:32', '2020-02-29 19:40:32'),
(362, 'Galapa', 8, 0, '2020-02-29 19:40:32', '2020-02-29 19:40:32'),
(363, 'Galeras (Nueva Granada)', 70, 0, '2020-02-29 19:40:32', '2020-02-29 19:40:32'),
(364, 'Galán', 68, 0, '2020-02-29 19:40:32', '2020-02-29 19:40:32'),
(365, 'Gama', 25, 0, '2020-02-29 19:40:32', '2020-02-29 19:40:32'),
(366, 'Gamarra', 20, 0, '2020-02-29 19:40:32', '2020-02-29 19:40:32'),
(367, 'Garagoa', 15, 0, '2020-02-29 19:40:32', '2020-02-29 19:40:32'),
(368, 'Garzón', 41, 0, '2020-02-29 19:40:32', '2020-02-29 19:40:32'),
(369, 'Gigante', 41, 0, '2020-02-29 19:40:32', '2020-02-29 19:40:32'),
(370, 'Ginebra', 76, 0, '2020-02-29 19:40:32', '2020-02-29 19:40:32'),
(371, 'Giraldo', 5, 0, '2020-02-29 19:40:32', '2020-02-29 19:40:32'),
(372, 'Girardot', 25, 0, '2020-02-29 19:40:32', '2020-02-29 19:40:32'),
(373, 'Girardota', 5, 0, '2020-02-29 19:40:32', '2020-02-29 19:40:32'),
(374, 'Girón', 68, 0, '2020-02-29 19:40:32', '2020-02-29 19:40:32'),
(375, 'Gonzalez', 20, 0, '2020-02-29 19:40:32', '2020-02-29 19:40:32'),
(376, 'Gramalote', 54, 0, '2020-02-29 19:40:32', '2020-02-29 19:40:32'),
(377, 'Granada', 5, 0, '2020-02-29 19:40:32', '2020-02-29 19:40:32'),
(378, 'Granada', 25, 0, '2020-02-29 19:40:32', '2020-02-29 19:40:32'),
(379, 'Granada', 50, 0, '2020-02-29 19:40:32', '2020-02-29 19:40:32'),
(380, 'Guaca', 68, 0, '2020-02-29 19:40:32', '2020-02-29 19:40:32'),
(381, 'Guacamayas', 15, 0, '2020-02-29 19:40:32', '2020-02-29 19:40:32'),
(382, 'Guacarí', 76, 0, '2020-02-29 19:40:32', '2020-02-29 19:40:32'),
(383, 'Guachavés', 52, 0, '2020-02-29 19:40:32', '2020-02-29 19:40:32'),
(384, 'Guachené', 19, 0, '2020-02-29 19:40:32', '2020-02-29 19:40:32'),
(385, 'Guachetá', 25, 0, '2020-02-29 19:40:32', '2020-02-29 19:40:32'),
(386, 'Guachucal', 52, 0, '2020-02-29 19:40:32', '2020-02-29 19:40:32'),
(387, 'Guadalupe', 5, 0, '2020-02-29 19:40:32', '2020-02-29 19:40:32'),
(388, 'Guadalupe', 41, 0, '2020-02-29 19:40:32', '2020-02-29 19:40:32'),
(389, 'Guadalupe', 68, 0, '2020-02-29 19:40:32', '2020-02-29 19:40:32'),
(390, 'Guaduas', 25, 0, '2020-02-29 19:40:32', '2020-02-29 19:40:32'),
(391, 'Guaitarilla', 52, 0, '2020-02-29 19:40:32', '2020-02-29 19:40:32'),
(392, 'Gualmatán', 52, 0, '2020-02-29 19:40:32', '2020-02-29 19:40:32'),
(393, 'Guamal', 47, 0, '2020-02-29 19:40:32', '2020-02-29 19:40:32'),
(394, 'Guamal', 50, 0, '2020-02-29 19:40:32', '2020-02-29 19:40:32'),
(395, 'Guamo', 73, 0, '2020-02-29 19:40:32', '2020-02-29 19:40:32'),
(396, 'Guapota', 68, 0, '2020-02-29 19:40:32', '2020-02-29 19:40:32'),
(397, 'Guapí', 19, 0, '2020-02-29 19:40:32', '2020-02-29 19:40:32'),
(398, 'Guaranda', 70, 0, '2020-02-29 19:40:32', '2020-02-29 19:40:32'),
(399, 'Guarne', 5, 0, '2020-02-29 19:40:32', '2020-02-29 19:40:32'),
(400, 'Guasca', 25, 0, '2020-02-29 19:40:32', '2020-02-29 19:40:32'),
(401, 'Guatapé', 5, 0, '2020-02-29 19:40:32', '2020-02-29 19:40:32'),
(402, 'Guataquí', 25, 0, '2020-02-29 19:40:32', '2020-02-29 19:40:32'),
(403, 'Guatavita', 25, 0, '2020-02-29 19:40:32', '2020-02-29 19:40:32'),
(404, 'Guateque', 15, 0, '2020-02-29 19:40:32', '2020-02-29 19:40:32'),
(405, 'Guavatá', 68, 0, '2020-02-29 19:40:32', '2020-02-29 19:40:32'),
(406, 'Guayabal de Siquima', 25, 0, '2020-02-29 19:40:32', '2020-02-29 19:40:32'),
(407, 'Guayabetal', 25, 0, '2020-02-29 19:40:32', '2020-02-29 19:40:32'),
(408, 'Guayatá', 15, 0, '2020-02-29 19:40:32', '2020-02-29 19:40:32'),
(409, 'Guepsa', 68, 0, '2020-02-29 19:40:32', '2020-02-29 19:40:32'),
(410, 'Guicán', 15, 0, '2020-02-29 19:40:32', '2020-02-29 19:40:32'),
(411, 'Gutiérrez', 25, 0, '2020-02-29 19:40:32', '2020-02-29 19:40:32'),
(412, 'Guática', 66, 0, '2020-02-29 19:40:32', '2020-02-29 19:40:32'),
(413, 'Gámbita', 68, 0, '2020-02-29 19:40:32', '2020-02-29 19:40:32'),
(414, 'Gámeza', 15, 0, '2020-02-29 19:40:32', '2020-02-29 19:40:32'),
(415, 'Génova', 63, 0, '2020-02-29 19:40:32', '2020-02-29 19:40:32'),
(416, 'Gómez Plata', 5, 0, '2020-02-29 19:40:32', '2020-02-29 19:40:32'),
(417, 'Hacarí', 54, 0, '2020-02-29 19:40:32', '2020-02-29 19:40:32'),
(418, 'Hatillo de Loba', 13, 0, '2020-02-29 19:40:32', '2020-02-29 19:40:32'),
(419, 'Hato', 68, 0, '2020-02-29 19:40:32', '2020-02-29 19:40:32'),
(420, 'Hato Corozal', 85, 0, '2020-02-29 19:40:32', '2020-02-29 19:40:32'),
(421, 'Hatonuevo', 44, 0, '2020-02-29 19:40:32', '2020-02-29 19:40:32'),
(422, 'Heliconia', 5, 0, '2020-02-29 19:40:32', '2020-02-29 19:40:32'),
(423, 'Herrán', 54, 0, '2020-02-29 19:40:32', '2020-02-29 19:40:32'),
(424, 'Herveo', 73, 0, '2020-02-29 19:40:32', '2020-02-29 19:40:32'),
(425, 'Hispania', 5, 0, '2020-02-29 19:40:32', '2020-02-29 19:40:32'),
(426, 'Hobo', 41, 0, '2020-02-29 19:40:32', '2020-02-29 19:40:32'),
(427, 'Honda', 73, 0, '2020-02-29 19:40:32', '2020-02-29 19:40:32'),
(428, 'Ibagué', 73, 0, '2020-02-29 19:40:32', '2020-02-29 19:40:32'),
(429, 'Icononzo', 73, 0, '2020-02-29 19:40:32', '2020-02-29 19:40:32'),
(430, 'Iles', 52, 0, '2020-02-29 19:40:32', '2020-02-29 19:40:32'),
(431, 'Imúes', 52, 0, '2020-02-29 19:40:32', '2020-02-29 19:40:32'),
(432, 'Inzá', 19, 0, '2020-02-29 19:40:32', '2020-02-29 19:40:32'),
(433, 'Inírida', 94, 0, '2020-02-29 19:40:32', '2020-02-29 19:40:32'),
(434, 'Ipiales', 52, 0, '2020-02-29 19:40:32', '2020-02-29 19:40:32'),
(435, 'Isnos', 41, 0, '2020-02-29 19:40:32', '2020-02-29 19:40:32'),
(436, 'Istmina', 27, 0, '2020-02-29 19:40:32', '2020-02-29 19:40:32'),
(437, 'Itagüí', 5, 0, '2020-02-29 19:40:32', '2020-02-29 19:40:32'),
(438, 'Ituango', 5, 0, '2020-02-29 19:40:32', '2020-02-29 19:40:32'),
(439, 'Izá', 15, 0, '2020-02-29 19:40:32', '2020-02-29 19:40:32'),
(440, 'Jambaló', 19, 0, '2020-02-29 19:40:32', '2020-02-29 19:40:32'),
(441, 'Jamundí', 76, 0, '2020-02-29 19:40:32', '2020-02-29 19:40:32'),
(442, 'Jardín', 5, 0, '2020-02-29 19:40:32', '2020-02-29 19:40:32'),
(443, 'Jenesano', 15, 0, '2020-02-29 19:40:32', '2020-02-29 19:40:32'),
(444, 'Jericó', 5, 0, '2020-02-29 19:40:32', '2020-02-29 19:40:32'),
(445, 'Jericó', 15, 0, '2020-02-29 19:40:32', '2020-02-29 19:40:32'),
(446, 'Jerusalén', 25, 0, '2020-02-29 19:40:32', '2020-02-29 19:40:32'),
(447, 'Jesús María', 68, 0, '2020-02-29 19:40:32', '2020-02-29 19:40:32'),
(448, 'Jordán', 68, 0, '2020-02-29 19:40:32', '2020-02-29 19:40:32'),
(449, 'Juan de Acosta', 8, 0, '2020-02-29 19:40:32', '2020-02-29 19:40:32'),
(450, 'Junín', 25, 0, '2020-02-29 19:40:32', '2020-02-29 19:40:32'),
(451, 'Juradó', 27, 0, '2020-02-29 19:40:32', '2020-02-29 19:40:32'),
(452, 'La Apartada y La Frontera', 23, 0, '2020-02-29 19:40:32', '2020-02-29 19:40:32'),
(453, 'La Argentina', 41, 0, '2020-02-29 19:40:32', '2020-02-29 19:40:32'),
(454, 'La Belleza', 68, 0, '2020-02-29 19:40:32', '2020-02-29 19:40:32'),
(455, 'La Calera', 25, 0, '2020-02-29 19:40:32', '2020-02-29 19:40:32'),
(456, 'La Capilla', 15, 0, '2020-02-29 19:40:32', '2020-02-29 19:40:32'),
(457, 'La Ceja', 5, 0, '2020-02-29 19:40:32', '2020-02-29 19:40:32'),
(458, 'La Celia', 66, 0, '2020-02-29 19:40:32', '2020-02-29 19:40:32'),
(459, 'La Cruz', 52, 0, '2020-02-29 19:40:32', '2020-02-29 19:40:32'),
(460, 'La Cumbre', 76, 0, '2020-02-29 19:40:32', '2020-02-29 19:40:32'),
(461, 'La Dorada', 17, 0, '2020-02-29 19:40:32', '2020-02-29 19:40:32'),
(462, 'La Esperanza', 54, 0, '2020-02-29 19:40:32', '2020-02-29 19:40:32'),
(463, 'La Estrella', 5, 0, '2020-02-29 19:40:32', '2020-02-29 19:40:32'),
(464, 'La Florida', 52, 0, '2020-02-29 19:40:32', '2020-02-29 19:40:32'),
(465, 'La Gloria', 20, 0, '2020-02-29 19:40:32', '2020-02-29 19:40:32'),
(466, 'La Jagua de Ibirico', 20, 0, '2020-02-29 19:40:32', '2020-02-29 19:40:32'),
(467, 'La Jagua del Pilar', 44, 0, '2020-02-29 19:40:32', '2020-02-29 19:40:32'),
(468, 'La Llanada', 52, 0, '2020-02-29 19:40:32', '2020-02-29 19:40:32'),
(469, 'La Macarena', 50, 0, '2020-02-29 19:40:32', '2020-02-29 19:40:32'),
(470, 'La Merced', 17, 0, '2020-02-29 19:40:32', '2020-02-29 19:40:32'),
(471, 'La Mesa', 25, 0, '2020-02-29 19:40:32', '2020-02-29 19:40:32'),
(472, 'La Montañita', 18, 0, '2020-02-29 19:40:32', '2020-02-29 19:40:32'),
(473, 'La Palma', 25, 0, '2020-02-29 19:40:32', '2020-02-29 19:40:32'),
(474, 'La Paz', 68, 0, '2020-02-29 19:40:32', '2020-02-29 19:40:32'),
(475, 'La Paz (Robles)', 20, 0, '2020-02-29 19:40:32', '2020-02-29 19:40:32'),
(476, 'La Peña', 25, 0, '2020-02-29 19:40:32', '2020-02-29 19:40:32'),
(477, 'La Pintada', 5, 0, '2020-02-29 19:40:32', '2020-02-29 19:40:32'),
(478, 'La Plata', 41, 0, '2020-02-29 19:40:32', '2020-02-29 19:40:32'),
(479, 'La Playa', 54, 0, '2020-02-29 19:40:32', '2020-02-29 19:40:32'),
(480, 'La Primavera', 99, 0, '2020-02-29 19:40:32', '2020-02-29 19:40:32'),
(481, 'La Salina', 85, 0, '2020-02-29 19:40:32', '2020-02-29 19:40:32'),
(482, 'La Sierra', 19, 0, '2020-02-29 19:40:32', '2020-02-29 19:40:32'),
(483, 'La Tebaida', 63, 0, '2020-02-29 19:40:32', '2020-02-29 19:40:32'),
(484, 'La Tola', 52, 0, '2020-02-29 19:40:32', '2020-02-29 19:40:32'),
(485, 'La Unión', 5, 0, '2020-02-29 19:40:32', '2020-02-29 19:40:32'),
(486, 'La Unión', 52, 0, '2020-02-29 19:40:32', '2020-02-29 19:40:32'),
(487, 'La Unión', 70, 0, '2020-02-29 19:40:32', '2020-02-29 19:40:32'),
(488, 'La Unión', 76, 0, '2020-02-29 19:40:32', '2020-02-29 19:40:32'),
(489, 'La Uvita', 15, 0, '2020-02-29 19:40:32', '2020-02-29 19:40:32'),
(490, 'La Vega', 19, 0, '2020-02-29 19:40:32', '2020-02-29 19:40:32'),
(491, 'La Vega', 25, 0, '2020-02-29 19:40:32', '2020-02-29 19:40:32'),
(492, 'La Victoria', 15, 0, '2020-02-29 19:40:32', '2020-02-29 19:40:32'),
(493, 'La Victoria', 17, 0, '2020-02-29 19:40:32', '2020-02-29 19:40:32'),
(494, 'La Victoria', 76, 0, '2020-02-29 19:40:32', '2020-02-29 19:40:32'),
(495, 'La Virginia', 66, 0, '2020-02-29 19:40:32', '2020-02-29 19:40:32'),
(496, 'Labateca', 54, 0, '2020-02-29 19:40:32', '2020-02-29 19:40:32'),
(497, 'Labranzagrande', 15, 0, '2020-02-29 19:40:32', '2020-02-29 19:40:32'),
(498, 'Landázuri', 68, 0, '2020-02-29 19:40:32', '2020-02-29 19:40:32'),
(499, 'Lebrija', 68, 0, '2020-02-29 19:40:32', '2020-02-29 19:40:32'),
(500, 'Leiva', 52, 0, '2020-02-29 19:40:32', '2020-02-29 19:40:32'),
(501, 'Lejanías', 50, 0, '2020-02-29 19:40:32', '2020-02-29 19:40:32'),
(502, 'Lenguazaque', 25, 0, '2020-02-29 19:40:32', '2020-02-29 19:40:32'),
(503, 'Leticia', 91, 0, '2020-02-29 19:40:32', '2020-02-29 19:40:32'),
(504, 'Liborina', 5, 0, '2020-02-29 19:40:32', '2020-02-29 19:40:32'),
(505, 'Linares', 52, 0, '2020-02-29 19:40:32', '2020-02-29 19:40:32'),
(506, 'Lloró', 27, 0, '2020-02-29 19:40:32', '2020-02-29 19:40:32'),
(507, 'Lorica', 23, 0, '2020-02-29 19:40:32', '2020-02-29 19:40:32'),
(508, 'Los Córdobas', 23, 0, '2020-02-29 19:40:32', '2020-02-29 19:40:32'),
(509, 'Los Palmitos', 70, 0, '2020-02-29 19:40:32', '2020-02-29 19:40:32'),
(510, 'Los Patios', 54, 0, '2020-02-29 19:40:32', '2020-02-29 19:40:32'),
(511, 'Los Santos', 68, 0, '2020-02-29 19:40:32', '2020-02-29 19:40:32'),
(512, 'Lourdes', 54, 0, '2020-02-29 19:40:32', '2020-02-29 19:40:32'),
(513, 'Luruaco', 8, 0, '2020-02-29 19:40:32', '2020-02-29 19:40:32'),
(514, 'Lérida', 73, 0, '2020-02-29 19:40:32', '2020-02-29 19:40:32'),
(515, 'Líbano', 73, 0, '2020-02-29 19:40:32', '2020-02-29 19:40:32'),
(516, 'López (Micay)', 19, 0, '2020-02-29 19:40:32', '2020-02-29 19:40:32'),
(517, 'Macanal', 15, 0, '2020-02-29 19:40:32', '2020-02-29 19:40:32'),
(518, 'Macaravita', 68, 0, '2020-02-29 19:40:32', '2020-02-29 19:40:32'),
(519, 'Maceo', 5, 0, '2020-02-29 19:40:32', '2020-02-29 19:40:32'),
(520, 'Machetá', 25, 0, '2020-02-29 19:40:32', '2020-02-29 19:40:32'),
(521, 'Madrid', 25, 0, '2020-02-29 19:40:32', '2020-02-29 19:40:32'),
(522, 'Magangué', 13, 0, '2020-02-29 19:40:32', '2020-02-29 19:40:32'),
(523, 'Magüi (Payán)', 52, 0, '2020-02-29 19:40:32', '2020-02-29 19:40:32'),
(524, 'Mahates', 13, 0, '2020-02-29 19:40:32', '2020-02-29 19:40:32'),
(525, 'Maicao', 44, 0, '2020-02-29 19:40:32', '2020-02-29 19:40:32'),
(526, 'Majagual', 70, 0, '2020-02-29 19:40:32', '2020-02-29 19:40:32'),
(527, 'Malambo', 8, 0, '2020-02-29 19:40:32', '2020-02-29 19:40:32'),
(528, 'Mallama (Piedrancha)', 52, 0, '2020-02-29 19:40:32', '2020-02-29 19:40:32'),
(529, 'Manatí', 8, 0, '2020-02-29 19:40:32', '2020-02-29 19:40:32'),
(530, 'Manaure', 44, 0, '2020-02-29 19:40:32', '2020-02-29 19:40:32'),
(531, 'Manaure Balcón del Cesar', 20, 0, '2020-02-29 19:40:32', '2020-02-29 19:40:32'),
(532, 'Manizales', 17, 0, '2020-02-29 19:40:32', '2020-02-29 19:40:32'),
(533, 'Manta', 25, 0, '2020-02-29 19:40:32', '2020-02-29 19:40:32'),
(534, 'Manzanares', 17, 0, '2020-02-29 19:40:32', '2020-02-29 19:40:32'),
(535, 'Maní', 85, 0, '2020-02-29 19:40:32', '2020-02-29 19:40:32'),
(536, 'Mapiripan', 50, 0, '2020-02-29 19:40:32', '2020-02-29 19:40:32'),
(537, 'Margarita', 13, 0, '2020-02-29 19:40:32', '2020-02-29 19:40:32'),
(538, 'Marinilla', 5, 0, '2020-02-29 19:40:32', '2020-02-29 19:40:32'),
(539, 'Maripí', 15, 0, '2020-02-29 19:40:32', '2020-02-29 19:40:32'),
(540, 'Mariquita', 73, 0, '2020-02-29 19:40:32', '2020-02-29 19:40:32'),
(541, 'Marmato', 17, 0, '2020-02-29 19:40:32', '2020-02-29 19:40:32'),
(542, 'Marquetalia', 17, 0, '2020-02-29 19:40:32', '2020-02-29 19:40:32'),
(543, 'Marsella', 66, 0, '2020-02-29 19:40:32', '2020-02-29 19:40:32'),
(544, 'Marulanda', 17, 0, '2020-02-29 19:40:32', '2020-02-29 19:40:32'),
(545, 'María la Baja', 13, 0, '2020-02-29 19:40:32', '2020-02-29 19:40:32'),
(546, 'Matanza', 68, 0, '2020-02-29 19:40:32', '2020-02-29 19:40:32'),
(547, 'Medellín', 5, 0, '2020-02-29 19:40:32', '2020-02-29 19:40:32'),
(548, 'Medina', 25, 0, '2020-02-29 19:40:32', '2020-02-29 19:40:32'),
(549, 'Medio Atrato', 27, 0, '2020-02-29 19:40:32', '2020-02-29 19:40:32'),
(550, 'Medio Baudó', 27, 0, '2020-02-29 19:40:32', '2020-02-29 19:40:32'),
(551, 'Medio San Juan (ANDAGOYA)', 27, 0, '2020-02-29 19:40:32', '2020-02-29 19:40:32'),
(552, 'Melgar', 73, 0, '2020-02-29 19:40:32', '2020-02-29 19:40:32'),
(553, 'Mercaderes', 19, 0, '2020-02-29 19:40:32', '2020-02-29 19:40:32'),
(554, 'Mesetas', 50, 0, '2020-02-29 19:40:32', '2020-02-29 19:40:32'),
(555, 'Milán', 18, 0, '2020-02-29 19:40:32', '2020-02-29 19:40:32'),
(556, 'Miraflores', 15, 0, '2020-02-29 19:40:32', '2020-02-29 19:40:32'),
(557, 'Miraflores', 95, 0, '2020-02-29 19:40:32', '2020-02-29 19:40:32'),
(558, 'Miranda', 19, 0, '2020-02-29 19:40:32', '2020-02-29 19:40:32'),
(559, 'Mistrató', 66, 0, '2020-02-29 19:40:32', '2020-02-29 19:40:32'),
(560, 'Mitú', 97, 0, '2020-02-29 19:40:32', '2020-02-29 19:40:32'),
(561, 'Mocoa', 86, 0, '2020-02-29 19:40:32', '2020-02-29 19:40:32'),
(562, 'Mogotes', 68, 0, '2020-02-29 19:40:32', '2020-02-29 19:40:32'),
(563, 'Molagavita', 68, 0, '2020-02-29 19:40:32', '2020-02-29 19:40:32'),
(564, 'Momil', 23, 0, '2020-02-29 19:40:32', '2020-02-29 19:40:32'),
(565, 'Mompós', 13, 0, '2020-02-29 19:40:32', '2020-02-29 19:40:32'),
(566, 'Mongua', 15, 0, '2020-02-29 19:40:32', '2020-02-29 19:40:32'),
(567, 'Monguí', 15, 0, '2020-02-29 19:40:32', '2020-02-29 19:40:32'),
(568, 'Moniquirá', 15, 0, '2020-02-29 19:40:32', '2020-02-29 19:40:32'),
(569, 'Montebello', 5, 0, '2020-02-29 19:40:32', '2020-02-29 19:40:32'),
(570, 'Montecristo', 13, 0, '2020-02-29 19:40:32', '2020-02-29 19:40:32'),
(571, 'Montelíbano', 23, 0, '2020-02-29 19:40:32', '2020-02-29 19:40:32'),
(572, 'Montenegro', 63, 0, '2020-02-29 19:40:32', '2020-02-29 19:40:32'),
(573, 'Monteria', 23, 0, '2020-02-29 19:40:32', '2020-02-29 19:40:32'),
(574, 'Monterrey', 85, 0, '2020-02-29 19:40:32', '2020-02-29 19:40:32'),
(575, 'Morales', 13, 0, '2020-02-29 19:40:32', '2020-02-29 19:40:32'),
(576, 'Morales', 19, 0, '2020-02-29 19:40:32', '2020-02-29 19:40:32'),
(577, 'Morelia', 18, 0, '2020-02-29 19:40:32', '2020-02-29 19:40:32'),
(578, 'Morroa', 70, 0, '2020-02-29 19:40:32', '2020-02-29 19:40:32'),
(579, 'Mosquera', 25, 0, '2020-02-29 19:40:32', '2020-02-29 19:40:32'),
(580, 'Mosquera', 52, 0, '2020-02-29 19:40:32', '2020-02-29 19:40:32'),
(581, 'Motavita', 15, 0, '2020-02-29 19:40:32', '2020-02-29 19:40:32'),
(582, 'Moñitos', 23, 0, '2020-02-29 19:40:32', '2020-02-29 19:40:32'),
(583, 'Murillo', 73, 0, '2020-02-29 19:40:32', '2020-02-29 19:40:32'),
(584, 'Murindó', 5, 0, '2020-02-29 19:40:32', '2020-02-29 19:40:32'),
(585, 'Mutatá', 5, 0, '2020-02-29 19:40:32', '2020-02-29 19:40:32'),
(586, 'Mutiscua', 54, 0, '2020-02-29 19:40:32', '2020-02-29 19:40:32'),
(587, 'Muzo', 15, 0, '2020-02-29 19:40:32', '2020-02-29 19:40:32'),
(588, 'Málaga', 68, 0, '2020-02-29 19:40:32', '2020-02-29 19:40:32'),
(589, 'Nariño', 5, 0, '2020-02-29 19:40:32', '2020-02-29 19:40:32'),
(590, 'Nariño', 25, 0, '2020-02-29 19:40:32', '2020-02-29 19:40:32'),
(591, 'Nariño', 52, 0, '2020-02-29 19:40:32', '2020-02-29 19:40:32'),
(592, 'Natagaima', 73, 0, '2020-02-29 19:40:32', '2020-02-29 19:40:32'),
(593, 'Nechí', 5, 0, '2020-02-29 19:40:32', '2020-02-29 19:40:32'),
(594, 'Necoclí', 5, 0, '2020-02-29 19:40:32', '2020-02-29 19:40:32'),
(595, 'Neira', 17, 0, '2020-02-29 19:40:32', '2020-02-29 19:40:32'),
(596, 'Neiva', 41, 0, '2020-02-29 19:40:32', '2020-02-29 19:40:32'),
(597, 'Nemocón', 25, 0, '2020-02-29 19:40:32', '2020-02-29 19:40:32'),
(598, 'Nilo', 25, 0, '2020-02-29 19:40:32', '2020-02-29 19:40:32'),
(599, 'Nimaima', 25, 0, '2020-02-29 19:40:32', '2020-02-29 19:40:32'),
(600, 'Nobsa', 15, 0, '2020-02-29 19:40:32', '2020-02-29 19:40:32'),
(601, 'Nocaima', 25, 0, '2020-02-29 19:40:32', '2020-02-29 19:40:32'),
(602, 'Norcasia', 17, 0, '2020-02-29 19:40:32', '2020-02-29 19:40:32'),
(603, 'Norosí', 13, 0, '2020-02-29 19:40:32', '2020-02-29 19:40:32'),
(604, 'Novita', 27, 0, '2020-02-29 19:40:32', '2020-02-29 19:40:32'),
(605, 'Nueva Granada', 47, 0, '2020-02-29 19:40:32', '2020-02-29 19:40:32'),
(606, 'Nuevo Colón', 15, 0, '2020-02-29 19:40:32', '2020-02-29 19:40:32'),
(607, 'Nunchía', 85, 0, '2020-02-29 19:40:32', '2020-02-29 19:40:32'),
(608, 'Nuquí', 27, 0, '2020-02-29 19:40:32', '2020-02-29 19:40:32'),
(609, 'Nátaga', 41, 0, '2020-02-29 19:40:32', '2020-02-29 19:40:32'),
(610, 'Obando', 76, 0, '2020-02-29 19:40:32', '2020-02-29 19:40:32'),
(611, 'Ocamonte', 68, 0, '2020-02-29 19:40:32', '2020-02-29 19:40:32'),
(612, 'Ocaña', 54, 0, '2020-02-29 19:40:32', '2020-02-29 19:40:32'),
(613, 'Oiba', 68, 0, '2020-02-29 19:40:32', '2020-02-29 19:40:32'),
(614, 'Oicatá', 15, 0, '2020-02-29 19:40:32', '2020-02-29 19:40:32'),
(615, 'Olaya', 5, 0, '2020-02-29 19:40:32', '2020-02-29 19:40:32'),
(616, 'Olaya Herrera', 52, 0, '2020-02-29 19:40:32', '2020-02-29 19:40:32'),
(617, 'Onzaga', 68, 0, '2020-02-29 19:40:32', '2020-02-29 19:40:32'),
(618, 'Oporapa', 41, 0, '2020-02-29 19:40:32', '2020-02-29 19:40:32'),
(619, 'Orito', 86, 0, '2020-02-29 19:40:32', '2020-02-29 19:40:32'),
(620, 'Orocué', 85, 0, '2020-02-29 19:40:32', '2020-02-29 19:40:32'),
(621, 'Ortega', 73, 0, '2020-02-29 19:40:32', '2020-02-29 19:40:32'),
(622, 'Ospina', 52, 0, '2020-02-29 19:40:32', '2020-02-29 19:40:32'),
(623, 'Otanche', 15, 0, '2020-02-29 19:40:32', '2020-02-29 19:40:32'),
(624, 'Ovejas', 70, 0, '2020-02-29 19:40:32', '2020-02-29 19:40:32'),
(625, 'Pachavita', 15, 0, '2020-02-29 19:40:32', '2020-02-29 19:40:32'),
(626, 'Pacho', 25, 0, '2020-02-29 19:40:32', '2020-02-29 19:40:32'),
(627, 'Padilla', 19, 0, '2020-02-29 19:40:32', '2020-02-29 19:40:32'),
(628, 'Paicol', 41, 0, '2020-02-29 19:40:32', '2020-02-29 19:40:32'),
(629, 'Pailitas', 20, 0, '2020-02-29 19:40:32', '2020-02-29 19:40:32'),
(630, 'Paime', 25, 0, '2020-02-29 19:40:32', '2020-02-29 19:40:32'),
(631, 'Paipa', 15, 0, '2020-02-29 19:40:32', '2020-02-29 19:40:32'),
(632, 'Pajarito', 15, 0, '2020-02-29 19:40:32', '2020-02-29 19:40:32'),
(633, 'Palermo', 41, 0, '2020-02-29 19:40:32', '2020-02-29 19:40:32'),
(634, 'Palestina', 17, 0, '2020-02-29 19:40:32', '2020-02-29 19:40:32'),
(635, 'Palestina', 41, 0, '2020-02-29 19:40:32', '2020-02-29 19:40:32'),
(636, 'Palmar', 68, 0, '2020-02-29 19:40:32', '2020-02-29 19:40:32'),
(637, 'Palmar de Varela', 8, 0, '2020-02-29 19:40:32', '2020-02-29 19:40:32'),
(638, 'Palmas del Socorro', 68, 0, '2020-02-29 19:40:32', '2020-02-29 19:40:32'),
(639, 'Palmira', 76, 0, '2020-02-29 19:40:32', '2020-02-29 19:40:32'),
(640, 'Palmito', 70, 0, '2020-02-29 19:40:32', '2020-02-29 19:40:32'),
(641, 'Palocabildo', 73, 0, '2020-02-29 19:40:32', '2020-02-29 19:40:32'),
(642, 'Pamplona', 54, 0, '2020-02-29 19:40:32', '2020-02-29 19:40:32'),
(643, 'Pamplonita', 54, 0, '2020-02-29 19:40:32', '2020-02-29 19:40:32'),
(644, 'Pandi', 25, 0, '2020-02-29 19:40:32', '2020-02-29 19:40:32'),
(645, 'Panqueba', 15, 0, '2020-02-29 19:40:32', '2020-02-29 19:40:32'),
(646, 'Paratebueno', 25, 0, '2020-02-29 19:40:32', '2020-02-29 19:40:32'),
(647, 'Pasca', 25, 0, '2020-02-29 19:40:32', '2020-02-29 19:40:32'),
(648, 'Patía (El Bordo)', 19, 0, '2020-02-29 19:40:32', '2020-02-29 19:40:32'),
(649, 'Pauna', 15, 0, '2020-02-29 19:40:32', '2020-02-29 19:40:32'),
(650, 'Paya', 15, 0, '2020-02-29 19:40:32', '2020-02-29 19:40:32'),
(651, 'Paz de Ariporo', 85, 0, '2020-02-29 19:40:32', '2020-02-29 19:40:32'),
(652, 'Paz de Río', 15, 0, '2020-02-29 19:40:32', '2020-02-29 19:40:32'),
(653, 'Pedraza', 47, 0, '2020-02-29 19:40:32', '2020-02-29 19:40:32'),
(654, 'Pelaya', 20, 0, '2020-02-29 19:40:32', '2020-02-29 19:40:32'),
(655, 'Pensilvania', 17, 0, '2020-02-29 19:40:32', '2020-02-29 19:40:32'),
(656, 'Peque', 5, 0, '2020-02-29 19:40:32', '2020-02-29 19:40:32'),
(657, 'Pereira', 66, 0, '2020-02-29 19:40:32', '2020-02-29 19:40:32'),
(658, 'Pesca', 15, 0, '2020-02-29 19:40:32', '2020-02-29 19:40:32'),
(659, 'Peñol', 5, 0, '2020-02-29 19:40:32', '2020-02-29 19:40:32'),
(660, 'Piamonte', 19, 0, '2020-02-29 19:40:32', '2020-02-29 19:40:32'),
(661, 'Pie de Cuesta', 68, 0, '2020-02-29 19:40:32', '2020-02-29 19:40:32'),
(662, 'Piedras', 73, 0, '2020-02-29 19:40:32', '2020-02-29 19:40:32'),
(663, 'Piendamó', 19, 0, '2020-02-29 19:40:32', '2020-02-29 19:40:32'),
(664, 'Pijao', 63, 0, '2020-02-29 19:40:32', '2020-02-29 19:40:32'),
(665, 'Pijiño', 47, 0, '2020-02-29 19:40:32', '2020-02-29 19:40:32'),
(666, 'Pinchote', 68, 0, '2020-02-29 19:40:32', '2020-02-29 19:40:32'),
(667, 'Pinillos', 13, 0, '2020-02-29 19:40:32', '2020-02-29 19:40:32'),
(668, 'Piojo', 8, 0, '2020-02-29 19:40:32', '2020-02-29 19:40:32'),
(669, 'Pisva', 15, 0, '2020-02-29 19:40:32', '2020-02-29 19:40:32'),
(670, 'Pital', 41, 0, '2020-02-29 19:40:32', '2020-02-29 19:40:32'),
(671, 'Pitalito', 41, 0, '2020-02-29 19:40:32', '2020-02-29 19:40:32'),
(672, 'Pivijay', 47, 0, '2020-02-29 19:40:32', '2020-02-29 19:40:32'),
(673, 'Planadas', 73, 0, '2020-02-29 19:40:32', '2020-02-29 19:40:32'),
(674, 'Planeta Rica', 23, 0, '2020-02-29 19:40:32', '2020-02-29 19:40:32'),
(675, 'Plato', 47, 0, '2020-02-29 19:40:32', '2020-02-29 19:40:32'),
(676, 'Policarpa', 52, 0, '2020-02-29 19:40:32', '2020-02-29 19:40:32'),
(677, 'Polonuevo', 8, 0, '2020-02-29 19:40:32', '2020-02-29 19:40:32'),
(678, 'Ponedera', 8, 0, '2020-02-29 19:40:32', '2020-02-29 19:40:32'),
(679, 'Popayán', 19, 0, '2020-02-29 19:40:32', '2020-02-29 19:40:32'),
(680, 'Pore', 85, 0, '2020-02-29 19:40:32', '2020-02-29 19:40:32'),
(681, 'Potosí', 52, 0, '2020-02-29 19:40:32', '2020-02-29 19:40:32'),
(682, 'Pradera', 76, 0, '2020-02-29 19:40:32', '2020-02-29 19:40:32'),
(683, 'Prado', 73, 0, '2020-02-29 19:40:32', '2020-02-29 19:40:32'),
(684, 'Providencia', 52, 0, '2020-02-29 19:40:32', '2020-02-29 19:40:32'),
(685, 'Providencia', 88, 0, '2020-02-29 19:40:32', '2020-02-29 19:40:32'),
(686, 'Pueblo Bello', 20, 0, '2020-02-29 19:40:32', '2020-02-29 19:40:32'),
(687, 'Pueblo Nuevo', 23, 0, '2020-02-29 19:40:32', '2020-02-29 19:40:32'),
(688, 'Pueblo Rico', 66, 0, '2020-02-29 19:40:32', '2020-02-29 19:40:32'),
(689, 'Pueblorrico', 5, 0, '2020-02-29 19:40:32', '2020-02-29 19:40:32'),
(690, 'Puebloviejo', 47, 0, '2020-02-29 19:40:32', '2020-02-29 19:40:32'),
(691, 'Puente Nacional', 68, 0, '2020-02-29 19:40:32', '2020-02-29 19:40:32'),
(692, 'Puerres', 52, 0, '2020-02-29 19:40:32', '2020-02-29 19:40:32'),
(693, 'Puerto Asís', 86, 0, '2020-02-29 19:40:32', '2020-02-29 19:40:32'),
(694, 'Puerto Berrío', 5, 0, '2020-02-29 19:40:32', '2020-02-29 19:40:32'),
(695, 'Puerto Boyacá', 15, 0, '2020-02-29 19:40:32', '2020-02-29 19:40:32'),
(696, 'Puerto Caicedo', 86, 0, '2020-02-29 19:40:32', '2020-02-29 19:40:32'),
(697, 'Puerto Carreño', 99, 0, '2020-02-29 19:40:32', '2020-02-29 19:40:32'),
(698, 'Puerto Colombia', 8, 0, '2020-02-29 19:40:32', '2020-02-29 19:40:32'),
(699, 'Puerto Concordia', 50, 0, '2020-02-29 19:40:32', '2020-02-29 19:40:32'),
(700, 'Puerto Escondido', 23, 0, '2020-02-29 19:40:32', '2020-02-29 19:40:32'),
(701, 'Puerto Gaitán', 50, 0, '2020-02-29 19:40:32', '2020-02-29 19:40:32'),
(702, 'Puerto Guzmán', 86, 0, '2020-02-29 19:40:32', '2020-02-29 19:40:32'),
(703, 'Puerto Leguízamo', 86, 0, '2020-02-29 19:40:32', '2020-02-29 19:40:32'),
(704, 'Puerto Libertador', 23, 0, '2020-02-29 19:40:32', '2020-02-29 19:40:32'),
(705, 'Puerto Lleras', 50, 0, '2020-02-29 19:40:32', '2020-02-29 19:40:32'),
(706, 'Puerto López', 50, 0, '2020-02-29 19:40:32', '2020-02-29 19:40:32'),
(707, 'Puerto Nare', 5, 0, '2020-02-29 19:40:32', '2020-02-29 19:40:32'),
(708, 'Puerto Nariño', 91, 0, '2020-02-29 19:40:32', '2020-02-29 19:40:32'),
(709, 'Puerto Parra', 68, 0, '2020-02-29 19:40:32', '2020-02-29 19:40:32');
INSERT INTO `municipalities` (`id`, `name`, `department_id`, `trash`, `created_at`, `updated_at`) VALUES
(710, 'Puerto Rico', 18, 0, '2020-02-29 19:40:32', '2020-02-29 19:40:32'),
(711, 'Puerto Rico', 50, 0, '2020-02-29 19:40:32', '2020-02-29 19:40:32'),
(712, 'Puerto Rondón', 81, 0, '2020-02-29 19:40:32', '2020-02-29 19:40:32'),
(713, 'Puerto Salgar', 25, 0, '2020-02-29 19:40:32', '2020-02-29 19:40:32'),
(714, 'Puerto Santander', 54, 0, '2020-02-29 19:40:32', '2020-02-29 19:40:32'),
(715, 'Puerto Tejada', 19, 0, '2020-02-29 19:40:32', '2020-02-29 19:40:32'),
(716, 'Puerto Triunfo', 5, 0, '2020-02-29 19:40:32', '2020-02-29 19:40:32'),
(717, 'Puerto Wilches', 68, 0, '2020-02-29 19:40:32', '2020-02-29 19:40:32'),
(718, 'Pulí', 25, 0, '2020-02-29 19:40:32', '2020-02-29 19:40:32'),
(719, 'Pupiales', 52, 0, '2020-02-29 19:40:32', '2020-02-29 19:40:32'),
(720, 'Puracé (Coconuco)', 19, 0, '2020-02-29 19:40:32', '2020-02-29 19:40:32'),
(721, 'Purificación', 73, 0, '2020-02-29 19:40:32', '2020-02-29 19:40:32'),
(722, 'Purísima', 23, 0, '2020-02-29 19:40:32', '2020-02-29 19:40:32'),
(723, 'Pácora', 17, 0, '2020-02-29 19:40:32', '2020-02-29 19:40:32'),
(724, 'Páez', 15, 0, '2020-02-29 19:40:32', '2020-02-29 19:40:32'),
(725, 'Páez (Belalcazar)', 19, 0, '2020-02-29 19:40:32', '2020-02-29 19:40:32'),
(726, 'Páramo', 68, 0, '2020-02-29 19:40:32', '2020-02-29 19:40:32'),
(727, 'Quebradanegra', 25, 0, '2020-02-29 19:40:32', '2020-02-29 19:40:32'),
(728, 'Quetame', 25, 0, '2020-02-29 19:40:32', '2020-02-29 19:40:32'),
(729, 'Quibdó', 27, 0, '2020-02-29 19:40:32', '2020-02-29 19:40:32'),
(730, 'Quimbaya', 63, 0, '2020-02-29 19:40:32', '2020-02-29 19:40:32'),
(731, 'Quinchía', 66, 0, '2020-02-29 19:40:32', '2020-02-29 19:40:32'),
(732, 'Quipama', 15, 0, '2020-02-29 19:40:32', '2020-02-29 19:40:32'),
(733, 'Quipile', 25, 0, '2020-02-29 19:40:32', '2020-02-29 19:40:32'),
(734, 'Ragonvalia', 54, 0, '2020-02-29 19:40:32', '2020-02-29 19:40:32'),
(735, 'Ramiriquí', 15, 0, '2020-02-29 19:40:32', '2020-02-29 19:40:32'),
(736, 'Recetor', 85, 0, '2020-02-29 19:40:32', '2020-02-29 19:40:32'),
(737, 'Regidor', 13, 0, '2020-02-29 19:40:32', '2020-02-29 19:40:32'),
(738, 'Remedios', 5, 0, '2020-02-29 19:40:32', '2020-02-29 19:40:32'),
(739, 'Remolino', 47, 0, '2020-02-29 19:40:32', '2020-02-29 19:40:32'),
(740, 'Repelón', 8, 0, '2020-02-29 19:40:32', '2020-02-29 19:40:32'),
(741, 'Restrepo', 50, 0, '2020-02-29 19:40:32', '2020-02-29 19:40:32'),
(742, 'Restrepo', 76, 0, '2020-02-29 19:40:32', '2020-02-29 19:40:32'),
(743, 'Retiro', 5, 0, '2020-02-29 19:40:32', '2020-02-29 19:40:32'),
(744, 'Ricaurte', 25, 0, '2020-02-29 19:40:32', '2020-02-29 19:40:32'),
(745, 'Ricaurte', 52, 0, '2020-02-29 19:40:32', '2020-02-29 19:40:32'),
(746, 'Rio Negro', 68, 0, '2020-02-29 19:40:32', '2020-02-29 19:40:32'),
(747, 'Rioblanco', 73, 0, '2020-02-29 19:40:32', '2020-02-29 19:40:32'),
(748, 'Riofrío', 76, 0, '2020-02-29 19:40:32', '2020-02-29 19:40:32'),
(749, 'Riohacha', 44, 0, '2020-02-29 19:40:32', '2020-02-29 19:40:32'),
(750, 'Risaralda', 17, 0, '2020-02-29 19:40:32', '2020-02-29 19:40:32'),
(751, 'Rivera', 41, 0, '2020-02-29 19:40:32', '2020-02-29 19:40:32'),
(752, 'Roberto Payán (San José)', 52, 0, '2020-02-29 19:40:32', '2020-02-29 19:40:32'),
(753, 'Roldanillo', 76, 0, '2020-02-29 19:40:32', '2020-02-29 19:40:32'),
(754, 'Roncesvalles', 73, 0, '2020-02-29 19:40:32', '2020-02-29 19:40:32'),
(755, 'Rondón', 15, 0, '2020-02-29 19:40:32', '2020-02-29 19:40:32'),
(756, 'Rosas', 19, 0, '2020-02-29 19:40:32', '2020-02-29 19:40:32'),
(757, 'Rovira', 73, 0, '2020-02-29 19:40:32', '2020-02-29 19:40:32'),
(758, 'Ráquira', 15, 0, '2020-02-29 19:40:32', '2020-02-29 19:40:32'),
(759, 'Río Iró', 27, 0, '2020-02-29 19:40:32', '2020-02-29 19:40:32'),
(760, 'Río Quito', 27, 0, '2020-02-29 19:40:32', '2020-02-29 19:40:32'),
(761, 'Río Sucio', 17, 0, '2020-02-29 19:40:32', '2020-02-29 19:40:32'),
(762, 'Río Viejo', 13, 0, '2020-02-29 19:40:32', '2020-02-29 19:40:32'),
(763, 'Río de oro', 20, 0, '2020-02-29 19:40:32', '2020-02-29 19:40:32'),
(764, 'Ríonegro', 5, 0, '2020-02-29 19:40:32', '2020-02-29 19:40:32'),
(765, 'Ríosucio', 27, 0, '2020-02-29 19:40:32', '2020-02-29 19:40:32'),
(766, 'Sabana de Torres', 68, 0, '2020-02-29 19:40:32', '2020-02-29 19:40:32'),
(767, 'Sabanagrande', 8, 0, '2020-02-29 19:40:32', '2020-02-29 19:40:32'),
(768, 'Sabanalarga', 5, 0, '2020-02-29 19:40:32', '2020-02-29 19:40:32'),
(769, 'Sabanalarga', 8, 0, '2020-02-29 19:40:32', '2020-02-29 19:40:32'),
(770, 'Sabanalarga', 85, 0, '2020-02-29 19:40:32', '2020-02-29 19:40:32'),
(771, 'Sabanas de San Angel (SAN ANGEL)', 47, 0, '2020-02-29 19:40:32', '2020-02-29 19:40:32'),
(772, 'Sabaneta', 5, 0, '2020-02-29 19:40:32', '2020-02-29 19:40:32'),
(773, 'Saboyá', 15, 0, '2020-02-29 19:40:32', '2020-02-29 19:40:32'),
(774, 'Sahagún', 23, 0, '2020-02-29 19:40:32', '2020-02-29 19:40:32'),
(775, 'Saladoblanco', 41, 0, '2020-02-29 19:40:32', '2020-02-29 19:40:32'),
(776, 'Salamina', 17, 0, '2020-02-29 19:40:32', '2020-02-29 19:40:32'),
(777, 'Salamina', 47, 0, '2020-02-29 19:40:32', '2020-02-29 19:40:32'),
(778, 'Salazar', 54, 0, '2020-02-29 19:40:32', '2020-02-29 19:40:32'),
(779, 'Saldaña', 73, 0, '2020-02-29 19:40:32', '2020-02-29 19:40:32'),
(780, 'Salento', 63, 0, '2020-02-29 19:40:32', '2020-02-29 19:40:32'),
(781, 'Salgar', 5, 0, '2020-02-29 19:40:32', '2020-02-29 19:40:32'),
(782, 'Samacá', 15, 0, '2020-02-29 19:40:32', '2020-02-29 19:40:32'),
(783, 'Samaniego', 52, 0, '2020-02-29 19:40:32', '2020-02-29 19:40:32'),
(784, 'Samaná', 17, 0, '2020-02-29 19:40:32', '2020-02-29 19:40:32'),
(785, 'Sampués', 70, 0, '2020-02-29 19:40:32', '2020-02-29 19:40:32'),
(786, 'San Agustín', 41, 0, '2020-02-29 19:40:32', '2020-02-29 19:40:32'),
(787, 'San Alberto', 20, 0, '2020-02-29 19:40:32', '2020-02-29 19:40:32'),
(788, 'San Andrés', 68, 0, '2020-02-29 19:40:32', '2020-02-29 19:40:32'),
(789, 'San Andrés Sotavento', 23, 0, '2020-02-29 19:40:32', '2020-02-29 19:40:32'),
(790, 'San Andrés de Cuerquía', 5, 0, '2020-02-29 19:40:32', '2020-02-29 19:40:32'),
(791, 'San Antero', 23, 0, '2020-02-29 19:40:32', '2020-02-29 19:40:32'),
(792, 'San Antonio', 73, 0, '2020-02-29 19:40:32', '2020-02-29 19:40:32'),
(793, 'San Antonio de Tequendama', 25, 0, '2020-02-29 19:40:32', '2020-02-29 19:40:32'),
(794, 'San Benito', 68, 0, '2020-02-29 19:40:32', '2020-02-29 19:40:32'),
(795, 'San Benito Abad', 70, 0, '2020-02-29 19:40:32', '2020-02-29 19:40:32'),
(796, 'San Bernardo', 25, 0, '2020-02-29 19:40:32', '2020-02-29 19:40:32'),
(797, 'San Bernardo', 52, 0, '2020-02-29 19:40:32', '2020-02-29 19:40:32'),
(798, 'San Bernardo del Viento', 23, 0, '2020-02-29 19:40:32', '2020-02-29 19:40:32'),
(799, 'San Calixto', 54, 0, '2020-02-29 19:40:32', '2020-02-29 19:40:32'),
(800, 'San Carlos', 5, 0, '2020-02-29 19:40:32', '2020-02-29 19:40:32'),
(801, 'San Carlos', 23, 0, '2020-02-29 19:40:32', '2020-02-29 19:40:32'),
(802, 'San Carlos de Guaroa', 50, 0, '2020-02-29 19:40:32', '2020-02-29 19:40:32'),
(803, 'San Cayetano', 25, 0, '2020-02-29 19:40:32', '2020-02-29 19:40:32'),
(804, 'San Cayetano', 54, 0, '2020-02-29 19:40:32', '2020-02-29 19:40:32'),
(805, 'San Cristobal', 13, 0, '2020-02-29 19:40:32', '2020-02-29 19:40:32'),
(806, 'San Diego', 20, 0, '2020-02-29 19:40:32', '2020-02-29 19:40:32'),
(807, 'San Eduardo', 15, 0, '2020-02-29 19:40:32', '2020-02-29 19:40:32'),
(808, 'San Estanislao', 13, 0, '2020-02-29 19:40:32', '2020-02-29 19:40:32'),
(809, 'San Fernando', 13, 0, '2020-02-29 19:40:32', '2020-02-29 19:40:32'),
(810, 'San Francisco', 5, 0, '2020-02-29 19:40:32', '2020-02-29 19:40:32'),
(811, 'San Francisco', 25, 0, '2020-02-29 19:40:32', '2020-02-29 19:40:32'),
(812, 'San Francisco', 86, 0, '2020-02-29 19:40:32', '2020-02-29 19:40:32'),
(813, 'San Gíl', 68, 0, '2020-02-29 19:40:32', '2020-02-29 19:40:32'),
(814, 'San Jacinto', 13, 0, '2020-02-29 19:40:32', '2020-02-29 19:40:32'),
(815, 'San Jacinto del Cauca', 13, 0, '2020-02-29 19:40:32', '2020-02-29 19:40:32'),
(816, 'San Jerónimo', 5, 0, '2020-02-29 19:40:32', '2020-02-29 19:40:32'),
(817, 'San Joaquín', 68, 0, '2020-02-29 19:40:32', '2020-02-29 19:40:32'),
(818, 'San José', 17, 0, '2020-02-29 19:40:32', '2020-02-29 19:40:32'),
(819, 'San José de Miranda', 68, 0, '2020-02-29 19:40:32', '2020-02-29 19:40:32'),
(820, 'San José de Montaña', 5, 0, '2020-02-29 19:40:32', '2020-02-29 19:40:32'),
(821, 'San José de Pare', 15, 0, '2020-02-29 19:40:32', '2020-02-29 19:40:32'),
(822, 'San José de Uré', 23, 0, '2020-02-29 19:40:32', '2020-02-29 19:40:32'),
(823, 'San José del Fragua', 18, 0, '2020-02-29 19:40:32', '2020-02-29 19:40:32'),
(824, 'San José del Guaviare', 95, 0, '2020-02-29 19:40:32', '2020-02-29 19:40:32'),
(825, 'San José del Palmar', 27, 0, '2020-02-29 19:40:32', '2020-02-29 19:40:32'),
(826, 'San Juan de Arama', 50, 0, '2020-02-29 19:40:32', '2020-02-29 19:40:32'),
(827, 'San Juan de Betulia', 70, 0, '2020-02-29 19:40:32', '2020-02-29 19:40:32'),
(828, 'San Juan de Nepomuceno', 13, 0, '2020-02-29 19:40:32', '2020-02-29 19:40:32'),
(829, 'San Juan de Pasto', 52, 0, '2020-02-29 19:40:32', '2020-02-29 19:40:32'),
(830, 'San Juan de Río Seco', 25, 0, '2020-02-29 19:40:32', '2020-02-29 19:40:32'),
(831, 'San Juan de Urabá', 5, 0, '2020-02-29 19:40:32', '2020-02-29 19:40:32'),
(832, 'San Juan del Cesar', 44, 0, '2020-02-29 19:40:32', '2020-02-29 19:40:32'),
(833, 'San Juanito', 50, 0, '2020-02-29 19:40:32', '2020-02-29 19:40:32'),
(834, 'San Lorenzo', 52, 0, '2020-02-29 19:40:32', '2020-02-29 19:40:32'),
(835, 'San Luis', 73, 0, '2020-02-29 19:40:32', '2020-02-29 19:40:32'),
(836, 'San Luís', 5, 0, '2020-02-29 19:40:32', '2020-02-29 19:40:32'),
(837, 'San Luís de Gaceno', 15, 0, '2020-02-29 19:40:32', '2020-02-29 19:40:32'),
(838, 'San Luís de Palenque', 85, 0, '2020-02-29 19:40:32', '2020-02-29 19:40:32'),
(839, 'San Marcos', 70, 0, '2020-02-29 19:40:32', '2020-02-29 19:40:32'),
(840, 'San Martín', 20, 0, '2020-02-29 19:40:32', '2020-02-29 19:40:32'),
(841, 'San Martín', 50, 0, '2020-02-29 19:40:32', '2020-02-29 19:40:32'),
(842, 'San Martín de Loba', 13, 0, '2020-02-29 19:40:32', '2020-02-29 19:40:32'),
(843, 'San Mateo', 15, 0, '2020-02-29 19:40:32', '2020-02-29 19:40:32'),
(844, 'San Miguel', 68, 0, '2020-02-29 19:40:32', '2020-02-29 19:40:32'),
(845, 'San Miguel', 86, 0, '2020-02-29 19:40:32', '2020-02-29 19:40:32'),
(846, 'San Miguel de Sema', 15, 0, '2020-02-29 19:40:32', '2020-02-29 19:40:32'),
(847, 'San Onofre', 70, 0, '2020-02-29 19:40:32', '2020-02-29 19:40:32'),
(848, 'San Pablo', 13, 0, '2020-02-29 19:40:32', '2020-02-29 19:40:32'),
(849, 'San Pablo', 52, 0, '2020-02-29 19:40:32', '2020-02-29 19:40:32'),
(850, 'San Pablo de Borbur', 15, 0, '2020-02-29 19:40:32', '2020-02-29 19:40:32'),
(851, 'San Pedro', 5, 0, '2020-02-29 19:40:32', '2020-02-29 19:40:32'),
(852, 'San Pedro', 70, 0, '2020-02-29 19:40:32', '2020-02-29 19:40:32'),
(853, 'San Pedro', 76, 0, '2020-02-29 19:40:32', '2020-02-29 19:40:32'),
(854, 'San Pedro de Cartago', 52, 0, '2020-02-29 19:40:32', '2020-02-29 19:40:32'),
(855, 'San Pedro de Urabá', 5, 0, '2020-02-29 19:40:32', '2020-02-29 19:40:32'),
(856, 'San Pelayo', 23, 0, '2020-02-29 19:40:32', '2020-02-29 19:40:32'),
(857, 'San Rafael', 5, 0, '2020-02-29 19:40:32', '2020-02-29 19:40:32'),
(858, 'San Roque', 5, 0, '2020-02-29 19:40:32', '2020-02-29 19:40:32'),
(859, 'San Sebastián', 19, 0, '2020-02-29 19:40:32', '2020-02-29 19:40:32'),
(860, 'San Sebastián de Buenavista', 47, 0, '2020-02-29 19:40:32', '2020-02-29 19:40:32'),
(861, 'San Vicente', 5, 0, '2020-02-29 19:40:32', '2020-02-29 19:40:32'),
(862, 'San Vicente del Caguán', 18, 0, '2020-02-29 19:40:32', '2020-02-29 19:40:32'),
(863, 'San Vicente del Chucurí', 68, 0, '2020-02-29 19:40:32', '2020-02-29 19:40:32'),
(864, 'San Zenón', 47, 0, '2020-02-29 19:40:32', '2020-02-29 19:40:32'),
(865, 'Sandoná', 52, 0, '2020-02-29 19:40:32', '2020-02-29 19:40:32'),
(866, 'Santa Ana', 47, 0, '2020-02-29 19:40:32', '2020-02-29 19:40:32'),
(867, 'Santa Bárbara', 5, 0, '2020-02-29 19:40:32', '2020-02-29 19:40:32'),
(868, 'Santa Bárbara', 68, 0, '2020-02-29 19:40:32', '2020-02-29 19:40:32'),
(869, 'Santa Bárbara (Iscuandé)', 52, 0, '2020-02-29 19:40:32', '2020-02-29 19:40:32'),
(870, 'Santa Bárbara de Pinto', 47, 0, '2020-02-29 19:40:32', '2020-02-29 19:40:32'),
(871, 'Santa Catalina', 13, 0, '2020-02-29 19:40:32', '2020-02-29 19:40:32'),
(872, 'Santa Fé de Antioquia', 5, 0, '2020-02-29 19:40:32', '2020-02-29 19:40:32'),
(873, 'Santa Genoveva de Docorodó', 27, 0, '2020-02-29 19:40:32', '2020-02-29 19:40:32'),
(874, 'Santa Helena del Opón', 68, 0, '2020-02-29 19:40:32', '2020-02-29 19:40:32'),
(875, 'Santa Isabel', 73, 0, '2020-02-29 19:40:32', '2020-02-29 19:40:32'),
(876, 'Santa Lucía', 8, 0, '2020-02-29 19:40:32', '2020-02-29 19:40:32'),
(877, 'Santa Marta', 47, 0, '2020-02-29 19:40:32', '2020-02-29 19:40:32'),
(878, 'Santa María', 15, 0, '2020-02-29 19:40:32', '2020-02-29 19:40:32'),
(879, 'Santa María', 41, 0, '2020-02-29 19:40:32', '2020-02-29 19:40:32'),
(880, 'Santa Rosa', 13, 0, '2020-02-29 19:40:32', '2020-02-29 19:40:32'),
(881, 'Santa Rosa', 19, 0, '2020-02-29 19:40:32', '2020-02-29 19:40:32'),
(882, 'Santa Rosa de Cabal', 66, 0, '2020-02-29 19:40:32', '2020-02-29 19:40:32'),
(883, 'Santa Rosa de Osos', 5, 0, '2020-02-29 19:40:32', '2020-02-29 19:40:32'),
(884, 'Santa Rosa de Viterbo', 15, 0, '2020-02-29 19:40:32', '2020-02-29 19:40:32'),
(885, 'Santa Rosa del Sur', 13, 0, '2020-02-29 19:40:32', '2020-02-29 19:40:32'),
(886, 'Santa Rosalía', 99, 0, '2020-02-29 19:40:32', '2020-02-29 19:40:32'),
(887, 'Santa Sofía', 15, 0, '2020-02-29 19:40:32', '2020-02-29 19:40:32'),
(888, 'Santana', 15, 0, '2020-02-29 19:40:32', '2020-02-29 19:40:32'),
(889, 'Santander de Quilichao', 19, 0, '2020-02-29 19:40:32', '2020-02-29 19:40:32'),
(890, 'Santiago', 54, 0, '2020-02-29 19:40:32', '2020-02-29 19:40:32'),
(891, 'Santiago', 86, 0, '2020-02-29 19:40:32', '2020-02-29 19:40:32'),
(892, 'Santo Domingo', 5, 0, '2020-02-29 19:40:32', '2020-02-29 19:40:32'),
(893, 'Santo Tomás', 8, 0, '2020-02-29 19:40:32', '2020-02-29 19:40:32'),
(894, 'Santuario', 5, 0, '2020-02-29 19:40:32', '2020-02-29 19:40:32'),
(895, 'Santuario', 66, 0, '2020-02-29 19:40:32', '2020-02-29 19:40:32'),
(896, 'Sapuyes', 52, 0, '2020-02-29 19:40:32', '2020-02-29 19:40:32'),
(897, 'Saravena', 81, 0, '2020-02-29 19:40:32', '2020-02-29 19:40:32'),
(898, 'Sardinata', 54, 0, '2020-02-29 19:40:32', '2020-02-29 19:40:32'),
(899, 'Sasaima', 25, 0, '2020-02-29 19:40:32', '2020-02-29 19:40:32'),
(900, 'Sativanorte', 15, 0, '2020-02-29 19:40:32', '2020-02-29 19:40:32'),
(901, 'Sativasur', 15, 0, '2020-02-29 19:40:32', '2020-02-29 19:40:32'),
(902, 'Segovia', 5, 0, '2020-02-29 19:40:32', '2020-02-29 19:40:32'),
(903, 'Sesquilé', 25, 0, '2020-02-29 19:40:32', '2020-02-29 19:40:32'),
(904, 'Sevilla', 76, 0, '2020-02-29 19:40:32', '2020-02-29 19:40:32'),
(905, 'Siachoque', 15, 0, '2020-02-29 19:40:32', '2020-02-29 19:40:32'),
(906, 'Sibaté', 25, 0, '2020-02-29 19:40:32', '2020-02-29 19:40:32'),
(907, 'Sibundoy', 86, 0, '2020-02-29 19:40:32', '2020-02-29 19:40:32'),
(908, 'Silos', 54, 0, '2020-02-29 19:40:32', '2020-02-29 19:40:32'),
(909, 'Silvania', 25, 0, '2020-02-29 19:40:32', '2020-02-29 19:40:32'),
(910, 'Silvia', 19, 0, '2020-02-29 19:40:32', '2020-02-29 19:40:32'),
(911, 'Simacota', 68, 0, '2020-02-29 19:40:32', '2020-02-29 19:40:32'),
(912, 'Simijaca', 25, 0, '2020-02-29 19:40:32', '2020-02-29 19:40:32'),
(913, 'Simití', 13, 0, '2020-02-29 19:40:32', '2020-02-29 19:40:32'),
(914, 'Sincelejo', 70, 0, '2020-02-29 19:40:32', '2020-02-29 19:40:32'),
(915, 'Sincé', 70, 0, '2020-02-29 19:40:32', '2020-02-29 19:40:32'),
(916, 'Sipí', 27, 0, '2020-02-29 19:40:32', '2020-02-29 19:40:32'),
(917, 'Sitionuevo', 47, 0, '2020-02-29 19:40:32', '2020-02-29 19:40:32'),
(918, 'Soacha', 25, 0, '2020-02-29 19:40:32', '2020-02-29 19:40:32'),
(919, 'Soatá', 15, 0, '2020-02-29 19:40:32', '2020-02-29 19:40:32'),
(920, 'Socha', 15, 0, '2020-02-29 19:40:32', '2020-02-29 19:40:32'),
(921, 'Socorro', 68, 0, '2020-02-29 19:40:32', '2020-02-29 19:40:32'),
(922, 'Socotá', 15, 0, '2020-02-29 19:40:32', '2020-02-29 19:40:32'),
(923, 'Sogamoso', 15, 0, '2020-02-29 19:40:32', '2020-02-29 19:40:32'),
(924, 'Solano', 18, 0, '2020-02-29 19:40:32', '2020-02-29 19:40:32'),
(925, 'Soledad', 8, 0, '2020-02-29 19:40:32', '2020-02-29 19:40:32'),
(926, 'Solita', 18, 0, '2020-02-29 19:40:32', '2020-02-29 19:40:32'),
(927, 'Somondoco', 15, 0, '2020-02-29 19:40:32', '2020-02-29 19:40:32'),
(928, 'Sonsón', 5, 0, '2020-02-29 19:40:32', '2020-02-29 19:40:32'),
(929, 'Sopetrán', 5, 0, '2020-02-29 19:40:32', '2020-02-29 19:40:32'),
(930, 'Soplaviento', 13, 0, '2020-02-29 19:40:32', '2020-02-29 19:40:32'),
(931, 'Sopó', 25, 0, '2020-02-29 19:40:32', '2020-02-29 19:40:32'),
(932, 'Sora', 15, 0, '2020-02-29 19:40:32', '2020-02-29 19:40:32'),
(933, 'Soracá', 15, 0, '2020-02-29 19:40:32', '2020-02-29 19:40:32'),
(934, 'Sotaquirá', 15, 0, '2020-02-29 19:40:32', '2020-02-29 19:40:32'),
(935, 'Sotara (Paispamba)', 19, 0, '2020-02-29 19:40:32', '2020-02-29 19:40:32'),
(936, 'Sotomayor (Los Andes)', 52, 0, '2020-02-29 19:40:32', '2020-02-29 19:40:32'),
(937, 'Suaita', 68, 0, '2020-02-29 19:40:32', '2020-02-29 19:40:32'),
(938, 'Suan', 8, 0, '2020-02-29 19:40:32', '2020-02-29 19:40:32'),
(939, 'Suaza', 41, 0, '2020-02-29 19:40:32', '2020-02-29 19:40:32'),
(940, 'Subachoque', 25, 0, '2020-02-29 19:40:32', '2020-02-29 19:40:32'),
(941, 'Sucre', 19, 0, '2020-02-29 19:40:32', '2020-02-29 19:40:32'),
(942, 'Sucre', 68, 0, '2020-02-29 19:40:32', '2020-02-29 19:40:32'),
(943, 'Sucre', 70, 0, '2020-02-29 19:40:32', '2020-02-29 19:40:32'),
(944, 'Suesca', 25, 0, '2020-02-29 19:40:32', '2020-02-29 19:40:32'),
(945, 'Supatá', 25, 0, '2020-02-29 19:40:32', '2020-02-29 19:40:32'),
(946, 'Supía', 17, 0, '2020-02-29 19:40:32', '2020-02-29 19:40:32'),
(947, 'Suratá', 68, 0, '2020-02-29 19:40:32', '2020-02-29 19:40:32'),
(948, 'Susa', 25, 0, '2020-02-29 19:40:32', '2020-02-29 19:40:32'),
(949, 'Susacón', 15, 0, '2020-02-29 19:40:32', '2020-02-29 19:40:32'),
(950, 'Sutamarchán', 15, 0, '2020-02-29 19:40:32', '2020-02-29 19:40:32'),
(951, 'Sutatausa', 25, 0, '2020-02-29 19:40:32', '2020-02-29 19:40:32'),
(952, 'Sutatenza', 15, 0, '2020-02-29 19:40:32', '2020-02-29 19:40:32'),
(953, 'Suárez', 19, 0, '2020-02-29 19:40:32', '2020-02-29 19:40:32'),
(954, 'Suárez', 73, 0, '2020-02-29 19:40:32', '2020-02-29 19:40:32'),
(955, 'Sácama', 85, 0, '2020-02-29 19:40:32', '2020-02-29 19:40:32'),
(956, 'Sáchica', 15, 0, '2020-02-29 19:40:32', '2020-02-29 19:40:32'),
(957, 'Tabio', 25, 0, '2020-02-29 19:40:32', '2020-02-29 19:40:32'),
(958, 'Tadó', 27, 0, '2020-02-29 19:40:32', '2020-02-29 19:40:32'),
(959, 'Talaigua Nuevo', 13, 0, '2020-02-29 19:40:32', '2020-02-29 19:40:32'),
(960, 'Tamalameque', 20, 0, '2020-02-29 19:40:32', '2020-02-29 19:40:32'),
(961, 'Tame', 81, 0, '2020-02-29 19:40:32', '2020-02-29 19:40:32'),
(962, 'Taminango', 52, 0, '2020-02-29 19:40:32', '2020-02-29 19:40:32'),
(963, 'Tangua', 52, 0, '2020-02-29 19:40:32', '2020-02-29 19:40:32'),
(964, 'Taraira', 97, 0, '2020-02-29 19:40:32', '2020-02-29 19:40:32'),
(965, 'Tarazá', 5, 0, '2020-02-29 19:40:32', '2020-02-29 19:40:32'),
(966, 'Tarqui', 41, 0, '2020-02-29 19:40:32', '2020-02-29 19:40:32'),
(967, 'Tarso', 5, 0, '2020-02-29 19:40:32', '2020-02-29 19:40:32'),
(968, 'Tasco', 15, 0, '2020-02-29 19:40:32', '2020-02-29 19:40:32'),
(969, 'Tauramena', 85, 0, '2020-02-29 19:40:32', '2020-02-29 19:40:32'),
(970, 'Tausa', 25, 0, '2020-02-29 19:40:32', '2020-02-29 19:40:32'),
(971, 'Tello', 41, 0, '2020-02-29 19:40:32', '2020-02-29 19:40:32'),
(972, 'Tena', 25, 0, '2020-02-29 19:40:32', '2020-02-29 19:40:32'),
(973, 'Tenerife', 47, 0, '2020-02-29 19:40:32', '2020-02-29 19:40:32'),
(974, 'Tenjo', 25, 0, '2020-02-29 19:40:32', '2020-02-29 19:40:32'),
(975, 'Tenza', 15, 0, '2020-02-29 19:40:32', '2020-02-29 19:40:32'),
(976, 'Teorama', 54, 0, '2020-02-29 19:40:32', '2020-02-29 19:40:32'),
(977, 'Teruel', 41, 0, '2020-02-29 19:40:32', '2020-02-29 19:40:32'),
(978, 'Tesalia', 41, 0, '2020-02-29 19:40:32', '2020-02-29 19:40:32'),
(979, 'Tibacuy', 25, 0, '2020-02-29 19:40:32', '2020-02-29 19:40:32'),
(980, 'Tibaná', 15, 0, '2020-02-29 19:40:32', '2020-02-29 19:40:32'),
(981, 'Tibasosa', 15, 0, '2020-02-29 19:40:32', '2020-02-29 19:40:32'),
(982, 'Tibirita', 25, 0, '2020-02-29 19:40:32', '2020-02-29 19:40:32'),
(983, 'Tibú', 54, 0, '2020-02-29 19:40:32', '2020-02-29 19:40:32'),
(984, 'Tierralta', 23, 0, '2020-02-29 19:40:32', '2020-02-29 19:40:32'),
(985, 'Timaná', 41, 0, '2020-02-29 19:40:32', '2020-02-29 19:40:32'),
(986, 'Timbiquí', 19, 0, '2020-02-29 19:40:32', '2020-02-29 19:40:32'),
(987, 'Timbío', 19, 0, '2020-02-29 19:40:32', '2020-02-29 19:40:32'),
(988, 'Tinjacá', 15, 0, '2020-02-29 19:40:32', '2020-02-29 19:40:32'),
(989, 'Tipacoque', 15, 0, '2020-02-29 19:40:32', '2020-02-29 19:40:32'),
(990, 'Tiquisio (Puerto Rico)', 13, 0, '2020-02-29 19:40:32', '2020-02-29 19:40:32'),
(991, 'Titiribí', 5, 0, '2020-02-29 19:40:32', '2020-02-29 19:40:32'),
(992, 'Toca', 15, 0, '2020-02-29 19:40:32', '2020-02-29 19:40:32'),
(993, 'Tocaima', 25, 0, '2020-02-29 19:40:32', '2020-02-29 19:40:32'),
(994, 'Tocancipá', 25, 0, '2020-02-29 19:40:32', '2020-02-29 19:40:32'),
(995, 'Toguí', 15, 0, '2020-02-29 19:40:32', '2020-02-29 19:40:32'),
(996, 'Toledo', 5, 0, '2020-02-29 19:40:32', '2020-02-29 19:40:32'),
(997, 'Toledo', 54, 0, '2020-02-29 19:40:32', '2020-02-29 19:40:32'),
(998, 'Tolú', 70, 0, '2020-02-29 19:40:32', '2020-02-29 19:40:32'),
(999, 'Tolú Viejo', 70, 0, '2020-02-29 19:40:32', '2020-02-29 19:40:32'),
(1000, 'Tona', 68, 0, '2020-02-29 19:40:32', '2020-02-29 19:40:32'),
(1001, 'Topagá', 15, 0, '2020-02-29 19:40:32', '2020-02-29 19:40:32'),
(1002, 'Topaipí', 25, 0, '2020-02-29 19:40:32', '2020-02-29 19:40:32'),
(1003, 'Toribío', 19, 0, '2020-02-29 19:40:32', '2020-02-29 19:40:32'),
(1004, 'Toro', 76, 0, '2020-02-29 19:40:32', '2020-02-29 19:40:32'),
(1005, 'Tota', 15, 0, '2020-02-29 19:40:32', '2020-02-29 19:40:32'),
(1006, 'Totoró', 19, 0, '2020-02-29 19:40:32', '2020-02-29 19:40:32'),
(1007, 'Trinidad', 85, 0, '2020-02-29 19:40:32', '2020-02-29 19:40:32'),
(1008, 'Trujillo', 76, 0, '2020-02-29 19:40:32', '2020-02-29 19:40:32'),
(1009, 'Tubará', 8, 0, '2020-02-29 19:40:32', '2020-02-29 19:40:32'),
(1010, 'Tuchín', 23, 0, '2020-02-29 19:40:32', '2020-02-29 19:40:32'),
(1011, 'Tulúa', 76, 0, '2020-02-29 19:40:32', '2020-02-29 19:40:32'),
(1012, 'Tumaco', 52, 0, '2020-02-29 19:40:32', '2020-02-29 19:40:32'),
(1013, 'Tunja', 15, 0, '2020-02-29 19:40:32', '2020-02-29 19:40:32'),
(1014, 'Tunungua', 15, 0, '2020-02-29 19:40:32', '2020-02-29 19:40:32'),
(1015, 'Turbaco', 13, 0, '2020-02-29 19:40:32', '2020-02-29 19:40:32'),
(1016, 'Turbaná', 13, 0, '2020-02-29 19:40:32', '2020-02-29 19:40:32'),
(1017, 'Turbo', 5, 0, '2020-02-29 19:40:32', '2020-02-29 19:40:32'),
(1018, 'Turmequé', 15, 0, '2020-02-29 19:40:32', '2020-02-29 19:40:32'),
(1019, 'Tuta', 15, 0, '2020-02-29 19:40:32', '2020-02-29 19:40:32'),
(1020, 'Tutasá', 15, 0, '2020-02-29 19:40:32', '2020-02-29 19:40:32'),
(1021, 'Támara', 85, 0, '2020-02-29 19:40:32', '2020-02-29 19:40:32'),
(1022, 'Támesis', 5, 0, '2020-02-29 19:40:32', '2020-02-29 19:40:32'),
(1023, 'Túquerres', 52, 0, '2020-02-29 19:40:32', '2020-02-29 19:40:32'),
(1024, 'Ubalá', 25, 0, '2020-02-29 19:40:32', '2020-02-29 19:40:32'),
(1025, 'Ubaque', 25, 0, '2020-02-29 19:40:32', '2020-02-29 19:40:32'),
(1026, 'Ubaté', 25, 0, '2020-02-29 19:40:32', '2020-02-29 19:40:32'),
(1027, 'Ulloa', 76, 0, '2020-02-29 19:40:32', '2020-02-29 19:40:32'),
(1028, 'Une', 25, 0, '2020-02-29 19:40:32', '2020-02-29 19:40:32'),
(1029, 'Unguía', 27, 0, '2020-02-29 19:40:32', '2020-02-29 19:40:32'),
(1030, 'Unión Panamericana (ÁNIMAS)', 27, 0, '2020-02-29 19:40:32', '2020-02-29 19:40:32'),
(1031, 'Uramita', 5, 0, '2020-02-29 19:40:32', '2020-02-29 19:40:32'),
(1032, 'Uribe', 50, 0, '2020-02-29 19:40:32', '2020-02-29 19:40:32'),
(1033, 'Uribia', 44, 0, '2020-02-29 19:40:32', '2020-02-29 19:40:32'),
(1034, 'Urrao', 5, 0, '2020-02-29 19:40:32', '2020-02-29 19:40:32'),
(1035, 'Urumita', 44, 0, '2020-02-29 19:40:32', '2020-02-29 19:40:32'),
(1036, 'Usiacuri', 8, 0, '2020-02-29 19:40:32', '2020-02-29 19:40:32'),
(1037, 'Valdivia', 5, 0, '2020-02-29 19:40:32', '2020-02-29 19:40:32'),
(1038, 'Valencia', 23, 0, '2020-02-29 19:40:32', '2020-02-29 19:40:32'),
(1039, 'Valle de San José', 68, 0, '2020-02-29 19:40:32', '2020-02-29 19:40:32'),
(1040, 'Valle de San Juan', 73, 0, '2020-02-29 19:40:32', '2020-02-29 19:40:32'),
(1041, 'Valle del Guamuez', 86, 0, '2020-02-29 19:40:32', '2020-02-29 19:40:32'),
(1042, 'Valledupar', 20, 0, '2020-02-29 19:40:32', '2020-02-29 19:40:32'),
(1043, 'Valparaiso', 5, 0, '2020-02-29 19:40:32', '2020-02-29 19:40:32'),
(1044, 'Valparaiso', 18, 0, '2020-02-29 19:40:32', '2020-02-29 19:40:32'),
(1045, 'Vegachí', 5, 0, '2020-02-29 19:40:32', '2020-02-29 19:40:32'),
(1046, 'Venadillo', 73, 0, '2020-02-29 19:40:32', '2020-02-29 19:40:32'),
(1047, 'Venecia', 5, 0, '2020-02-29 19:40:32', '2020-02-29 19:40:32'),
(1048, 'Venecia (Ospina Pérez)', 25, 0, '2020-02-29 19:40:32', '2020-02-29 19:40:32'),
(1049, 'Ventaquemada', 15, 0, '2020-02-29 19:40:32', '2020-02-29 19:40:32'),
(1050, 'Vergara', 25, 0, '2020-02-29 19:40:32', '2020-02-29 19:40:32'),
(1051, 'Versalles', 76, 0, '2020-02-29 19:40:32', '2020-02-29 19:40:32'),
(1052, 'Vetas', 68, 0, '2020-02-29 19:40:32', '2020-02-29 19:40:32'),
(1053, 'Viani', 25, 0, '2020-02-29 19:40:32', '2020-02-29 19:40:32'),
(1054, 'Vigía del Fuerte', 5, 0, '2020-02-29 19:40:32', '2020-02-29 19:40:32'),
(1055, 'Vijes', 76, 0, '2020-02-29 19:40:32', '2020-02-29 19:40:32'),
(1056, 'Villa Caro', 54, 0, '2020-02-29 19:40:32', '2020-02-29 19:40:32'),
(1057, 'Villa Rica', 19, 0, '2020-02-29 19:40:32', '2020-02-29 19:40:32'),
(1058, 'Villa de Leiva', 15, 0, '2020-02-29 19:40:32', '2020-02-29 19:40:32'),
(1059, 'Villa del Rosario', 54, 0, '2020-02-29 19:40:32', '2020-02-29 19:40:32'),
(1060, 'Villagarzón', 86, 0, '2020-02-29 19:40:32', '2020-02-29 19:40:32'),
(1061, 'Villagómez', 25, 0, '2020-02-29 19:40:32', '2020-02-29 19:40:32'),
(1062, 'Villahermosa', 73, 0, '2020-02-29 19:40:32', '2020-02-29 19:40:32'),
(1063, 'Villamaría', 17, 0, '2020-02-29 19:40:32', '2020-02-29 19:40:32'),
(1064, 'Villanueva', 13, 0, '2020-02-29 19:40:32', '2020-02-29 19:40:32'),
(1065, 'Villanueva', 44, 0, '2020-02-29 19:40:32', '2020-02-29 19:40:32'),
(1066, 'Villanueva', 68, 0, '2020-02-29 19:40:32', '2020-02-29 19:40:32'),
(1067, 'Villanueva', 85, 0, '2020-02-29 19:40:32', '2020-02-29 19:40:32'),
(1068, 'Villapinzón', 25, 0, '2020-02-29 19:40:32', '2020-02-29 19:40:32'),
(1069, 'Villarrica', 73, 0, '2020-02-29 19:40:32', '2020-02-29 19:40:32'),
(1070, 'Villavicencio', 50, 0, '2020-02-29 19:40:32', '2020-02-29 19:40:32'),
(1071, 'Villavieja', 41, 0, '2020-02-29 19:40:32', '2020-02-29 19:40:32'),
(1072, 'Villeta', 25, 0, '2020-02-29 19:40:32', '2020-02-29 19:40:32'),
(1073, 'Viotá', 25, 0, '2020-02-29 19:40:32', '2020-02-29 19:40:32'),
(1074, 'Viracachá', 15, 0, '2020-02-29 19:40:32', '2020-02-29 19:40:32'),
(1075, 'Vista Hermosa', 50, 0, '2020-02-29 19:40:32', '2020-02-29 19:40:32'),
(1076, 'Viterbo', 17, 0, '2020-02-29 19:40:32', '2020-02-29 19:40:32'),
(1077, 'Vélez', 68, 0, '2020-02-29 19:40:32', '2020-02-29 19:40:32'),
(1078, 'Yacopí', 25, 0, '2020-02-29 19:40:32', '2020-02-29 19:40:32'),
(1079, 'Yacuanquer', 52, 0, '2020-02-29 19:40:33', '2020-02-29 19:40:33'),
(1080, 'Yaguará', 41, 0, '2020-02-29 19:40:33', '2020-02-29 19:40:33'),
(1081, 'Yalí', 5, 0, '2020-02-29 19:40:33', '2020-02-29 19:40:33'),
(1082, 'Yarumal', 5, 0, '2020-02-29 19:40:33', '2020-02-29 19:40:33'),
(1083, 'Yolombó', 5, 0, '2020-02-29 19:40:33', '2020-02-29 19:40:33'),
(1084, 'Yondó (Casabe)', 5, 0, '2020-02-29 19:40:33', '2020-02-29 19:40:33'),
(1085, 'Yopal', 85, 0, '2020-02-29 19:40:33', '2020-02-29 19:40:33'),
(1086, 'Yotoco', 76, 0, '2020-02-29 19:40:33', '2020-02-29 19:40:33'),
(1087, 'Yumbo', 76, 0, '2020-02-29 19:40:33', '2020-02-29 19:40:33'),
(1088, 'Zambrano', 13, 0, '2020-02-29 19:40:33', '2020-02-29 19:40:33'),
(1089, 'Zapatoca', 68, 0, '2020-02-29 19:40:33', '2020-02-29 19:40:33'),
(1090, 'Zapayán (PUNTA DE PIEDRAS)', 47, 0, '2020-02-29 19:40:33', '2020-02-29 19:40:33'),
(1091, 'Zaragoza', 5, 0, '2020-02-29 19:40:33', '2020-02-29 19:40:33'),
(1092, 'Zarzal', 76, 0, '2020-02-29 19:40:33', '2020-02-29 19:40:33'),
(1093, 'Zetaquirá', 15, 0, '2020-02-29 19:40:33', '2020-02-29 19:40:33'),
(1094, 'Zipacón', 25, 0, '2020-02-29 19:40:33', '2020-02-29 19:40:33'),
(1095, 'Zipaquirá', 25, 0, '2020-02-29 19:40:33', '2020-02-29 19:40:33'),
(1096, 'Zona Bananera (PRADO - SEVILLA)', 47, 0, '2020-02-29 19:40:33', '2020-02-29 19:40:33'),
(1097, 'Ábrego', 54, 0, '2020-02-29 19:40:33', '2020-02-29 19:40:33'),
(1098, 'Íquira', 41, 0, '2020-02-29 19:40:33', '2020-02-29 19:40:33'),
(1099, 'Úmbita', 15, 0, '2020-02-29 19:40:33', '2020-02-29 19:40:33'),
(1100, 'Útica', 25, 0, '2020-02-29 19:40:33', '2020-02-29 19:40:33'),
(1101, 'Pasto', 52, 0, '2020-03-02 14:20:11', '2020-03-02 14:20:11');

-- --------------------------------------------------------

--
-- Table structure for table `offers`
--

CREATE TABLE `offers` (
  `id` bigint(20) UNSIGNED NOT NULL,
  `company` bigint(20) UNSIGNED NOT NULL,
  `service` bigint(20) UNSIGNED NOT NULL,
  `benefits` varchar(124) COLLATE utf8mb4_unicode_ci NOT NULL,
  `tariff` bigint(20) NOT NULL,
  `points` int(11) NOT NULL DEFAULT '0',
  `type` enum('private','company','isp','pyme') COLLATE utf8mb4_unicode_ci DEFAULT NULL,
  `departments` longtext COLLATE utf8mb4_unicode_ci,
  `municipalities` longtext COLLATE utf8mb4_unicode_ci,
  `trash` tinyint(1) NOT NULL DEFAULT '0',
  `created_at` timestamp NULL DEFAULT NULL,
  `updated_at` timestamp NULL DEFAULT NULL,
  `canales` varchar(60) COLLATE utf8mb4_unicode_ci DEFAULT 'N/A',
  `telefonia` varchar(60) COLLATE utf8mb4_unicode_ci DEFAULT NULL,
  `descuento` varchar(60) COLLATE utf8mb4_unicode_ci DEFAULT NULL,
  `tecnologia` varchar(60) COLLATE utf8mb4_unicode_ci DEFAULT 'N/A',
  `tipo_plan_logos` varchar(60) COLLATE utf8mb4_unicode_ci DEFAULT NULL,
  `titulo1` varchar(60) COLLATE utf8mb4_unicode_ci DEFAULT NULL,
  `titulo2` varchar(60) COLLATE utf8mb4_unicode_ci DEFAULT NULL,
  `titulo3` varchar(60) COLLATE utf8mb4_unicode_ci DEFAULT NULL,
  `titulo4` varchar(60) COLLATE utf8mb4_unicode_ci DEFAULT NULL
) ENGINE=InnoDB DEFAULT CHARSET=utf8mb4 COLLATE=utf8mb4_unicode_ci;

--
-- Dumping data for table `offers`
--

INSERT INTO `offers` (`id`, `company`, `service`, `benefits`, `tariff`, `points`, `type`, `departments`, `municipalities`, `trash`, `created_at`, `updated_at`, `canales`, `telefonia`, `descuento`, `tecnologia`, `tipo_plan_logos`, `titulo1`, `titulo2`, `titulo3`, `titulo4`) VALUES
(1, 7, 2, 'Acceso a la red mundial de información a través de conexiones de backbone redundantes y seguras', 505000, 5, 'company', '[\"BOGOTÁ, D.C.\"]', '[\"Bogotá D.C.\"]', 0, '2020-03-02 13:40:11', '2020-03-02 13:40:11', 'N/A', NULL, NULL, NULL, NULL, NULL, NULL, NULL, NULL),
(2, 7, 2, 'Acceso a la red mundial de información a través de conexiones de backbone redundantes y seguras', 648000, 5, 'company', '[\"BOGOTÁ, D.C.\"]', '[\"Bogotá D.C.\"]', 0, '2020-03-02 13:40:44', '2020-03-02 13:40:44', NULL, NULL, NULL, NULL, NULL, NULL, NULL, NULL, NULL),
(3, 7, 2, 'Acceso a la red mundial de información a través de conexiones de backbone redundantes y seguras', 765000, 5, 'company', '[\"BOGOTÁ, D.C.\"]', '[\"Bogotá D.C.\"]', 0, '2020-03-02 13:41:08', '2020-03-02 13:41:08', NULL, NULL, NULL, NULL, NULL, NULL, NULL, NULL, NULL),
(4, 7, 2, 'Acceso a la red mundial de información a través de conexiones de backbone redundantes y seguras', 846000, 5, 'company', '[\"BOGOTÁ, D.C.\"]', '[\"Bogotá D.C.\"]', 0, '2020-03-02 13:41:37', '2020-03-02 13:41:37', NULL, NULL, NULL, NULL, NULL, NULL, NULL, NULL, NULL),
(5, 7, 2, 'Acceso a la red mundial de información a través de conexiones de backbone redundantes y seguras', 936000, 5, 'company', '[\"BOGOTÁ, D.C.\"]', '[\"Bogotá D.C.\"]', 0, '2020-03-02 13:41:56', '2020-03-02 13:41:56', NULL, NULL, NULL, NULL, NULL, NULL, NULL, NULL, NULL),
(6, 7, 2, 'Acceso a la red mundial de información a través de conexiones de backbone redundantes y seguras', 1260000, 5, 'company', '[\"BOGOTÁ, D.C.\"]', '[\"Bogotá D.C.\"]', 0, '2020-03-02 13:42:13', '2020-03-02 13:42:13', NULL, NULL, NULL, NULL, NULL, NULL, NULL, NULL, NULL),
(7, 7, 2, 'Acceso a la red mundial de información a través de conexiones de backbone redundantes y seguras', 490000, 5, 'company', '[\"BOGOTÁ, D.C.\"]', '[\"Bogotá D.C.\"]', 0, '2020-03-02 13:44:05', '2020-03-02 13:44:05', NULL, NULL, NULL, NULL, NULL, NULL, NULL, NULL, NULL),
(8, 7, 2, 'Acceso a la red mundial de información a través de conexiones de backbone redundantes y seguras', 570000, 5, 'company', '[\"BOGOTÁ, D.C.\"]', '[\"Bogotá D.C.\"]', 0, '2020-03-02 13:44:29', '2020-03-02 13:44:29', NULL, NULL, NULL, NULL, NULL, NULL, NULL, NULL, NULL),
(9, 7, 2, 'Acceso a la red mundial de información a través de conexiones de backbone redundantes y seguras', 630000, 5, 'company', '[\"BOGOTÁ, D.C.\"]', '[\"Bogotá D.C.\"]', 0, '2020-03-02 13:44:54', '2020-03-02 13:44:54', NULL, NULL, NULL, NULL, NULL, NULL, NULL, NULL, NULL),
(10, 7, 2, 'Acceso a la red mundial de información a través de conexiones de backbone redundantes y seguras', 711000, 5, 'company', '[\"BOGOTÁ, D.C.\"]', '[\"Bogotá D.C.\"]', 0, '2020-03-02 13:45:16', '2020-03-02 13:45:16', NULL, NULL, NULL, NULL, NULL, NULL, NULL, NULL, NULL),
(11, 7, 2, 'Acceso a la red mundial de información a través de conexiones de backbone redundantes y seguras', 747000, 5, 'company', '[\"BOGOTÁ, D.C.\"]', '[\"Bogotá D.C.\"]', 0, '2020-03-02 13:45:51', '2020-03-02 13:45:51', NULL, NULL, NULL, NULL, NULL, NULL, NULL, NULL, NULL),
(12, 7, 2, 'Acceso a la red mundial de información a través de conexiones de backbone redundantes y seguras', 841500, 5, 'company', '[\"BOGOTÁ, D.C.\"]', '[\"Bogotá D.C.\"]', 0, '2020-03-02 13:46:13', '2020-03-02 13:46:13', NULL, NULL, NULL, NULL, NULL, NULL, NULL, NULL, NULL),
(13, 7, 2, 'Acceso a la red mundial de información a través de conexiones de backbone redundantes y seguras', 977500, 5, 'company', '[\"BOGOTÁ, D.C.\"]', '[\"Bogotá D.C.\"]', 0, '2020-03-02 13:46:36', '2020-03-02 13:46:36', NULL, NULL, NULL, NULL, NULL, NULL, NULL, NULL, NULL),
(14, 7, 2, 'Acceso a la red mundial de información a través de conexiones de backbone redundantes y seguras', 1190000, 5, 'company', '[\"BOGOTÁ, D.C.\"]', '[\"Bogotá D.C.\"]', 0, '2020-03-02 13:47:05', '2020-03-02 13:47:05', NULL, NULL, NULL, NULL, NULL, NULL, NULL, NULL, NULL),
(15, 7, 2, 'Acceso a la red mundial de información a través de conexiones de backbone redundantes y seguras', 1402500, 5, 'company', '[\"BOGOTÁ, D.C.\"]', '[\"Bogotá D.C.\"]', 0, '2020-03-02 13:47:28', '2020-03-02 13:47:28', NULL, NULL, NULL, NULL, NULL, NULL, NULL, NULL, NULL),
(16, 7, 2, 'Acceso a la red mundial de información a través de conexiones de backbone redundantes y seguras', 1776500, 5, 'company', '[\"BOGOTÁ, D.C.\"]', '[\"Bogotá D.C.\"]', 0, '2020-03-02 13:47:52', '2020-03-02 13:47:52', NULL, NULL, NULL, NULL, NULL, NULL, NULL, NULL, NULL),
(17, 7, 2, 'Acceso a la red mundial de información a través de conexiones de backbone redundantes y seguras', 2210000, 5, 'company', '[\"BOGOTÁ, D.C.\"]', '[\"Bogotá D.C.\"]', 0, '2020-03-02 13:48:20', '2020-03-02 13:48:20', NULL, NULL, NULL, NULL, NULL, NULL, NULL, NULL, NULL),
(18, 7, 2, 'Acceso a la red mundial de información a través de conexiones de backbone redundantes y seguras', 2541500, 5, 'company', '[\"BOGOTÁ, D.C.\"]', '[\"Bogotá D.C.\"]', 0, '2020-03-02 13:48:48', '2020-03-02 13:48:48', NULL, NULL, NULL, NULL, NULL, NULL, NULL, NULL, NULL),
(19, 7, 2, 'Acceso a la red mundial de información a través de conexiones de backbone redundantes y seguras', 3060000, 5, 'company', '[\"BOGOTÁ, D.C.\"]', '[\"Bogotá D.C.\"]', 0, '2020-03-02 13:49:16', '2020-03-02 13:49:16', NULL, NULL, NULL, NULL, NULL, NULL, NULL, NULL, NULL),
(20, 7, 2, 'Acceso a la red mundial de información a través de conexiones de backbone redundantes y seguras', 3570000, 5, 'company', '[\"BOGOTÁ, D.C.\"]', '[\"Bogotá D.C.\"]', 0, '2020-03-02 13:49:44', '2020-03-02 13:49:44', NULL, NULL, NULL, NULL, NULL, NULL, NULL, NULL, NULL),
(21, 7, 2, 'Acceso a la red mundial de información a través de conexiones de backbone redundantes y seguras', 4250000, 5, 'company', '[\"BOGOTÁ, D.C.\"]', '[\"Bogotá D.C.\"]', 0, '2020-03-02 13:50:09', '2020-03-02 13:50:09', NULL, NULL, NULL, NULL, NULL, NULL, NULL, NULL, NULL),
(22, 7, 2, 'Acceso a la red mundial de información a través de conexiones de backbone redundantes y seguras', 5091500, 5, 'company', '[\"BOGOTÁ, D.C.\"]', '[\"Bogotá D.C.\"]', 0, '2020-03-02 13:50:34', '2020-03-02 13:50:34', NULL, NULL, NULL, NULL, NULL, NULL, NULL, NULL, NULL),
(23, 7, 2, 'Acceso a la red mundial de información a través de conexiones de backbone redundantes y seguras', 6000000, 5, 'company', '[\"BOGOTÁ, D.C.\"]', '[\"Bogotá D.C.\"]', 0, '2020-03-02 13:50:57', '2020-03-02 13:50:57', NULL, NULL, NULL, NULL, NULL, NULL, NULL, NULL, NULL),
(24, 7, 2, 'Acceso a la red mundial de información a través de conexiones de backbone redundantes y seguras', 6720000, 5, 'company', '[\"BOGOTÁ, D.C.\"]', '[\"Bogotá D.C.\"]', 0, '2020-03-02 13:51:37', '2020-03-02 13:51:37', NULL, NULL, NULL, NULL, NULL, NULL, NULL, NULL, NULL),
(25, 7, 2, 'Acceso a la red mundial de información a través de conexiones de backbone redundantes y seguras', 9200000, 5, 'company', '[\"BOGOTÁ, D.C.\"]', '[\"Bogotá D.C.\"]', 0, '2020-03-02 13:52:01', '2020-03-02 13:52:01', NULL, NULL, NULL, NULL, NULL, NULL, NULL, NULL, NULL),
(26, 7, 2, 'Acceso a la red mundial de información a través de conexiones de backbone redundantes y seguras', 10400000, 5, 'company', '[\"BOGOTÁ, D.C.\"]', '[\"Bogotá D.C.\"]', 0, '2020-03-02 13:52:21', '2020-03-02 13:52:21', NULL, NULL, NULL, NULL, NULL, NULL, NULL, NULL, NULL),
(27, 7, 2, 'Acceso a la red mundial de información a través de conexiones de backbone redundantes y seguras', 530000, 5, 'company', '[\"ANTIOQUIA\",\"ATLÁNTICO\",\"SANTANDER\",\"VALLE DEL CAUCA\",\"BOLÍVAR\",\"NORTE DE SANTANDER\",\"CALDAS\",\"RISARALDA\",\"MAGDALENA\",\"BOYACÁ\",\"META\",\"QUINDIO\"]', '[\"Bello\",\"Envigado\",\"Itagüí\",\"Medellín\",\"Sabaneta\",\"Barranquilla\",\"Bucaramanga\",\"Calí\",\"Cartagena\",\"Cúcuta\",\"Manizales\",\"Pereira\",\"Santa Marta\",\"Tunja\",\"Villavicencio\",\"Armenia\"]', 0, '2020-03-02 14:02:42', '2020-03-06 15:05:45', NULL, NULL, NULL, NULL, NULL, NULL, NULL, NULL, NULL),
(28, 7, 2, 'Acceso a la red mundial de información a través de conexiones de backbone redundantes y seguras', 720000, 5, 'company', '[\"ANTIOQUIA\",\"ATLÁNTICO\",\"SANTANDER\",\"VALLE DEL CAUCA\",\"BOLÍVAR\",\"NORTE DE SANTANDER\",\"CALDAS\",\"RISARALDA\",\"MAGDALENA\",\"BOYACÁ\",\"META\",\"QUINDIO\"]', '[\"Bello\",\"Envigado\",\"Itagüí\",\"Medellín\",\"Sabaneta\",\"Barranquilla\",\"Bucaramanga\",\"Calí\",\"Cartagena\",\"Cúcuta\",\"Manizales\",\"Pereira\",\"Santa Marta\",\"Tunja\",\"Villavicencio\",\"Armenia\"]', 0, '2020-03-02 14:03:00', '2020-03-06 15:01:51', NULL, NULL, NULL, NULL, NULL, NULL, NULL, NULL, NULL),
(29, 7, 2, 'Acceso a la red mundial de información a través de conexiones de backbone redundantes y seguras', 850000, 5, 'company', '[\"ANTIOQUIA\",\"ATLÁNTICO\",\"SANTANDER\",\"VALLE DEL CAUCA\",\"BOLÍVAR\",\"NORTE DE SANTANDER\",\"CALDAS\",\"RISARALDA\",\"MAGDALENA\",\"BOYACÁ\",\"META\",\"QUINDIO\"]', '[\"Bello\",\"Envigado\",\"Itagüí\",\"Medellín\",\"Sabaneta\",\"Barranquilla\",\"Bucaramanga\",\"Calí\",\"Cartagena\",\"Cúcuta\",\"Manizales\",\"Pereira\",\"Santa Marta\",\"Tunja\",\"Villavicencio\",\"Armenia\"]', 0, '2020-03-02 14:03:19', '2020-03-06 15:06:44', NULL, NULL, NULL, NULL, NULL, NULL, NULL, NULL, NULL),
(30, 7, 2, 'Acceso a la red mundial de información a través de conexiones de backbone redundantes y seguras', 940000, 5, 'company', '[\"ANTIOQUIA\",\"ATLÁNTICO\",\"SANTANDER\",\"VALLE DEL CAUCA\",\"BOLÍVAR\",\"NORTE DE SANTANDER\",\"CALDAS\",\"RISARALDA\",\"MAGDALENA\",\"BOYACÁ\",\"META\",\"QUINDIO\"]', '[\"Bello\",\"Envigado\",\"Itagüí\",\"Medellín\",\"Sabaneta\",\"Barranquilla\",\"Bucaramanga\",\"Calí\",\"Cartagena\",\"Cúcuta\",\"Manizales\",\"Pereira\",\"Santa Marta\",\"Tunja\",\"Villavicencio\",\"Armenia\"]', 0, '2020-03-02 14:03:39', '2020-03-06 15:07:05', NULL, NULL, NULL, NULL, NULL, NULL, NULL, NULL, NULL),
(31, 7, 2, 'Acceso a la red mundial de información a través de conexiones de backbone redundantes y seguras', 1040000, 5, 'company', '[\"ANTIOQUIA\",\"ATLÁNTICO\",\"SANTANDER\",\"VALLE DEL CAUCA\",\"BOLÍVAR\",\"NORTE DE SANTANDER\",\"CALDAS\",\"RISARALDA\",\"MAGDALENA\",\"BOYACÁ\",\"META\",\"QUINDIO\"]', '[\"Bello\",\"Envigado\",\"Itagüí\",\"Medellín\",\"Sabaneta\",\"Barranquilla\",\"Bucaramanga\",\"Calí\",\"Cartagena\",\"Cúcuta\",\"Manizales\",\"Pereira\",\"Santa Marta\",\"Tunja\",\"Villavicencio\",\"Armenia\"]', 0, '2020-03-02 14:04:00', '2020-03-06 15:07:31', NULL, NULL, NULL, NULL, NULL, NULL, NULL, NULL, NULL),
(32, 7, 2, 'Acceso a la red mundial de información a través de conexiones de backbone redundantes y seguras', 1400000, 5, 'company', '[\"ANTIOQUIA\",\"ATLÁNTICO\",\"SANTANDER\",\"VALLE DEL CAUCA\",\"BOLÍVAR\",\"NORTE DE SANTANDER\",\"CALDAS\",\"RISARALDA\",\"MAGDALENA\",\"BOYACÁ\",\"META\",\"QUINDIO\"]', '[\"Bello\",\"Envigado\",\"Itagüí\",\"Medellín\",\"Sabaneta\",\"Barranquilla\",\"Bucaramanga\",\"Calí\",\"Cartagena\",\"Cúcuta\",\"Manizales\",\"Pereira\",\"Santa Marta\",\"Tunja\",\"Villavicencio\",\"Armenia\"]', 0, '2020-03-02 14:04:20', '2020-03-06 15:12:00', NULL, NULL, NULL, NULL, NULL, NULL, NULL, NULL, NULL),
(33, 7, 2, 'Acceso a la red mundial de información a través de conexiones de backbone redundantes y seguras', 490000, 5, 'company', '[\"ANTIOQUIA\",\"ATLÁNTICO\",\"SANTANDER\",\"VALLE DEL CAUCA\",\"BOLÍVAR\",\"NORTE DE SANTANDER\",\"CALDAS\",\"RISARALDA\",\"MAGDALENA\",\"BOYACÁ\",\"META\",\"QUINDIO\"]', '[\"Bello\",\"Envigado\",\"Itagüí\",\"Medellín\",\"Sabaneta\",\"Barranquilla\",\"Bucaramanga\",\"Calí\",\"Cartagena\",\"Cúcuta\",\"Manizales\",\"Pereira\",\"Santa Marta\",\"Tunja\",\"Villavicencio\",\"Armenia\"]', 0, '2020-03-02 14:05:22', '2020-03-06 15:12:25', NULL, NULL, NULL, NULL, NULL, NULL, NULL, NULL, NULL),
(34, 7, 2, 'Acceso a la red mundial de información a través de conexiones de backbone redundantes y seguras', 600000, 5, 'company', '[\"ANTIOQUIA\",\"ATLÁNTICO\",\"SANTANDER\",\"VALLE DEL CAUCA\",\"BOLÍVAR\",\"NORTE DE SANTANDER\",\"CALDAS\",\"RISARALDA\",\"MAGDALENA\",\"BOYACÁ\",\"META\",\"QUINDIO\"]', '[\"Bello\",\"Envigado\",\"Itagüí\",\"Medellín\",\"Sabaneta\",\"Barranquilla\",\"Bucaramanga\",\"Calí\",\"Cartagena\",\"Cúcuta\",\"Manizales\",\"Pereira\",\"Santa Marta\",\"Tunja\",\"Villavicencio\",\"Armenia\"]', 0, '2020-03-02 14:05:49', '2020-03-06 15:12:54', NULL, NULL, NULL, NULL, NULL, NULL, NULL, NULL, NULL),
(35, 7, 2, 'Acceso a la red mundial de información a través de conexiones de backbone redundantes y seguras', 700000, 5, 'company', '[\"ANTIOQUIA\",\"ATLÁNTICO\",\"SANTANDER\",\"VALLE DEL CAUCA\",\"BOLÍVAR\",\"NORTE DE SANTANDER\",\"CALDAS\",\"RISARALDA\",\"MAGDALENA\",\"BOYACÁ\",\"META\",\"QUINDIO\"]', '[\"Bello\",\"Envigado\",\"Itagüí\",\"Medellín\",\"Sabaneta\",\"Barranquilla\",\"Bucaramanga\",\"Calí\",\"Cartagena\",\"Cúcuta\",\"Manizales\",\"Pereira\",\"Santa Marta\",\"Tunja\",\"Villavicencio\",\"Armenia\"]', 0, '2020-03-02 14:06:28', '2020-03-06 15:13:14', NULL, NULL, NULL, NULL, NULL, NULL, NULL, NULL, NULL),
(36, 7, 2, 'Acceso a la red mundial de información a través de conexiones de backbone redundantes y seguras', 790000, 5, 'company', '[\"ANTIOQUIA\",\"ATLÁNTICO\",\"SANTANDER\",\"VALLE DEL CAUCA\",\"BOLÍVAR\",\"NORTE DE SANTANDER\",\"CALDAS\",\"RISARALDA\",\"MAGDALENA\",\"BOYACÁ\",\"META\",\"QUINDIO\"]', '[\"Bello\",\"Envigado\",\"Itagüí\",\"Medellín\",\"Sabaneta\",\"Barranquilla\",\"Bucaramanga\",\"Calí\",\"Cartagena\",\"Cúcuta\",\"Manizales\",\"Pereira\",\"Santa Marta\",\"Tunja\",\"Villavicencio\",\"Armenia\"]', 0, '2020-03-02 14:06:49', '2020-03-06 15:13:45', NULL, NULL, NULL, NULL, NULL, NULL, NULL, NULL, NULL),
(37, 7, 2, 'Acceso a la red mundial de información a través de conexiones de backbone redundantes y seguras', 830000, 5, 'company', '[\"ANTIOQUIA\",\"ATLÁNTICO\",\"SANTANDER\",\"VALLE DEL CAUCA\",\"BOLÍVAR\",\"NORTE DE SANTANDER\",\"CALDAS\",\"RISARALDA\",\"MAGDALENA\",\"BOYACÁ\",\"META\",\"QUINDIO\"]', '[\"Bello\",\"Envigado\",\"Itagüí\",\"Medellín\",\"Sabaneta\",\"Barranquilla\",\"Bucaramanga\",\"Calí\",\"Cartagena\",\"Cúcuta\",\"Manizales\",\"Pereira\",\"Santa Marta\",\"Tunja\",\"Villavicencio\",\"Armenia\"]', 0, '2020-03-02 14:07:10', '2020-03-06 15:14:25', NULL, NULL, NULL, NULL, NULL, NULL, NULL, NULL, NULL),
(38, 7, 2, 'Acceso a la red mundial de información a través de conexiones de backbone redundantes y seguras', 990000, 5, 'company', '[\"ANTIOQUIA\",\"ATLÁNTICO\",\"SANTANDER\",\"VALLE DEL CAUCA\",\"BOLÍVAR\",\"NORTE DE SANTANDER\",\"CALDAS\",\"RISARALDA\",\"MAGDALENA\",\"BOYACÁ\",\"META\",\"QUINDIO\"]', '[\"Bello\",\"Envigado\",\"Itagüí\",\"Medellín\",\"Sabaneta\",\"Barranquilla\",\"Bucaramanga\",\"Calí\",\"Cartagena\",\"Cúcuta\",\"Manizales\",\"Pereira\",\"Santa Marta\",\"Tunja\",\"Villavicencio\",\"Armenia\"]', 0, '2020-03-02 14:07:29', '2020-03-06 15:14:45', NULL, NULL, NULL, NULL, NULL, NULL, NULL, NULL, NULL),
(39, 7, 2, 'Acceso a la red mundial de información a través de conexiones de backbone redundantes y seguras', 1150000, 5, 'company', '[\"ANTIOQUIA\",\"ATLÁNTICO\",\"SANTANDER\",\"VALLE DEL CAUCA\",\"BOLÍVAR\",\"NORTE DE SANTANDER\",\"CALDAS\",\"RISARALDA\",\"MAGDALENA\",\"BOYACÁ\",\"META\",\"QUINDIO\"]', '[\"Bello\",\"Envigado\",\"Itagüí\",\"Medellín\",\"Sabaneta\",\"Barranquilla\",\"Bucaramanga\",\"Calí\",\"Cartagena\",\"Cúcuta\",\"Manizales\",\"Pereira\",\"Santa Marta\",\"Tunja\",\"Villavicencio\",\"Armenia\"]', 0, '2020-03-02 14:07:56', '2020-03-06 15:15:15', NULL, NULL, NULL, NULL, NULL, NULL, NULL, NULL, NULL),
(40, 7, 2, 'Acceso a la red mundial de información a través de conexiones de backbone redundantes y seguras', 1400000, 5, 'company', '[\"ANTIOQUIA\",\"ATLÁNTICO\",\"SANTANDER\",\"VALLE DEL CAUCA\",\"BOLÍVAR\",\"NORTE DE SANTANDER\",\"CALDAS\",\"RISARALDA\",\"MAGDALENA\",\"BOYACÁ\",\"META\",\"QUINDIO\"]', '[\"Bello\",\"Envigado\",\"Itagüí\",\"Medellín\",\"Sabaneta\",\"Barranquilla\",\"Bucaramanga\",\"Calí\",\"Cartagena\",\"Cúcuta\",\"Manizales\",\"Pereira\",\"Santa Marta\",\"Tunja\",\"Villavicencio\",\"Armenia\"]', 0, '2020-03-02 14:08:16', '2020-03-06 15:15:38', NULL, NULL, NULL, NULL, NULL, NULL, NULL, NULL, NULL),
(41, 7, 2, 'Acceso a la red mundial de información a través de conexiones de backbone redundantes y seguras', 1650000, 5, 'company', '[\"ANTIOQUIA\",\"ATLÁNTICO\",\"SANTANDER\",\"VALLE DEL CAUCA\",\"BOLÍVAR\",\"NORTE DE SANTANDER\",\"CALDAS\",\"RISARALDA\",\"MAGDALENA\",\"BOYACÁ\",\"META\",\"QUINDIO\"]', '[\"Bello\",\"Envigado\",\"Itagüí\",\"Medellín\",\"Sabaneta\",\"Barranquilla\",\"Bucaramanga\",\"Calí\",\"Cartagena\",\"Cúcuta\",\"Manizales\",\"Pereira\",\"Santa Marta\",\"Tunja\",\"Villavicencio\",\"Armenia\"]', 0, '2020-03-02 14:09:02', '2020-03-06 15:16:02', NULL, NULL, NULL, NULL, NULL, NULL, NULL, NULL, NULL),
(42, 7, 2, 'Acceso a la red mundial de información a través de conexiones de backbone redundantes y seguras', 2090000, 5, 'company', '[\"ANTIOQUIA\",\"ATLÁNTICO\",\"SANTANDER\",\"VALLE DEL CAUCA\",\"BOLÍVAR\",\"NORTE DE SANTANDER\",\"CALDAS\",\"RISARALDA\",\"MAGDALENA\",\"BOYACÁ\",\"META\",\"QUINDIO\"]', '[\"Bello\",\"Envigado\",\"Itagüí\",\"Medellín\",\"Sabaneta\",\"Barranquilla\",\"Bucaramanga\",\"Calí\",\"Cartagena\",\"Cúcuta\",\"Manizales\",\"Pereira\",\"Santa Marta\",\"Tunja\",\"Villavicencio\",\"Armenia\"]', 0, '2020-03-02 14:09:23', '2020-03-06 15:16:28', NULL, NULL, NULL, NULL, NULL, NULL, NULL, NULL, NULL),
(43, 7, 2, 'Acceso a la red mundial de información a través de conexiones de backbone redundantes y seguras', 2600000, 5, 'company', '[\"ANTIOQUIA\",\"ATLÁNTICO\",\"SANTANDER\",\"VALLE DEL CAUCA\",\"BOLÍVAR\",\"NORTE DE SANTANDER\",\"CALDAS\",\"RISARALDA\",\"MAGDALENA\",\"BOYACÁ\",\"META\",\"QUINDIO\"]', '[\"Bello\",\"Envigado\",\"Itagüí\",\"Medellín\",\"Sabaneta\",\"Barranquilla\",\"Bucaramanga\",\"Calí\",\"Cartagena\",\"Cúcuta\",\"Manizales\",\"Pereira\",\"Santa Marta\",\"Tunja\",\"Villavicencio\",\"Armenia\"]', 0, '2020-03-02 14:09:55', '2020-03-06 15:16:52', NULL, NULL, NULL, NULL, NULL, NULL, NULL, NULL, NULL),
(44, 7, 2, 'Acceso a la red mundial de información a través de conexiones de backbone redundantes y seguras', 2990000, 5, 'company', '[\"ANTIOQUIA\",\"ATLÁNTICO\",\"SANTANDER\",\"VALLE DEL CAUCA\",\"BOLÍVAR\",\"NORTE DE SANTANDER\",\"CALDAS\",\"RISARALDA\",\"MAGDALENA\",\"BOYACÁ\",\"META\",\"QUINDIO\"]', '[\"Bello\",\"Envigado\",\"Itagüí\",\"Medellín\",\"Sabaneta\",\"Barranquilla\",\"Bucaramanga\",\"Calí\",\"Cartagena\",\"Cúcuta\",\"Manizales\",\"Pereira\",\"Santa Marta\",\"Tunja\",\"Villavicencio\",\"Armenia\"]', 0, '2020-03-02 14:10:22', '2020-03-06 15:17:15', NULL, NULL, NULL, NULL, NULL, NULL, NULL, NULL, NULL),
(45, 7, 2, 'Acceso a la red mundial de información a través de conexiones de backbone redundantes y seguras', 3600000, 5, 'company', '[\"ANTIOQUIA\",\"ATLÁNTICO\",\"SANTANDER\",\"VALLE DEL CAUCA\",\"BOLÍVAR\",\"NORTE DE SANTANDER\",\"CALDAS\",\"RISARALDA\",\"MAGDALENA\",\"BOYACÁ\",\"META\",\"QUINDIO\"]', '[\"Bello\",\"Envigado\",\"Itagüí\",\"Medellín\",\"Sabaneta\",\"Barranquilla\",\"Bucaramanga\",\"Calí\",\"Cartagena\",\"Cúcuta\",\"Manizales\",\"Pereira\",\"Santa Marta\",\"Tunja\",\"Villavicencio\",\"Armenia\"]', 0, '2020-03-02 14:10:46', '2020-03-06 15:17:48', NULL, NULL, NULL, NULL, NULL, NULL, NULL, NULL, NULL),
(46, 7, 2, 'Acceso a la red mundial de información a través de conexiones de backbone redundantes y seguras', 4200000, 5, 'company', '[\"ANTIOQUIA\",\"ATLÁNTICO\",\"SANTANDER\",\"VALLE DEL CAUCA\",\"BOLÍVAR\",\"NORTE DE SANTANDER\",\"CALDAS\",\"RISARALDA\",\"MAGDALENA\",\"BOYACÁ\",\"META\",\"QUINDIO\"]', '[\"Bello\",\"Envigado\",\"Itagüí\",\"Medellín\",\"Sabaneta\",\"Barranquilla\",\"Bucaramanga\",\"Calí\",\"Cartagena\",\"Cúcuta\",\"Manizales\",\"Pereira\",\"Santa Marta\",\"Tunja\",\"Villavicencio\",\"Armenia\"]', 0, '2020-03-02 14:11:12', '2020-03-06 15:18:28', NULL, NULL, NULL, NULL, NULL, NULL, NULL, NULL, NULL),
(47, 7, 2, 'Acceso a la red mundial de información a través de conexiones de backbone redundantes y seguras', 5000000, 5, 'company', '[\"ANTIOQUIA\",\"ATLÁNTICO\",\"SANTANDER\",\"VALLE DEL CAUCA\",\"BOLÍVAR\",\"NORTE DE SANTANDER\",\"CALDAS\",\"RISARALDA\",\"MAGDALENA\",\"BOYACÁ\",\"META\",\"QUINDIO\"]', '[\"Bello\",\"Envigado\",\"Itagüí\",\"Medellín\",\"Sabaneta\",\"Barranquilla\",\"Bucaramanga\",\"Calí\",\"Cartagena\",\"Cúcuta\",\"Manizales\",\"Pereira\",\"Santa Marta\",\"Tunja\",\"Villavicencio\",\"Armenia\"]', 0, '2020-03-02 14:11:34', '2020-03-06 15:18:44', NULL, NULL, NULL, NULL, NULL, NULL, NULL, NULL, NULL),
(48, 7, 2, 'Acceso a la red mundial de información a través de conexiones de backbone redundantes y seguras', 5990000, 5, 'company', '[\"ANTIOQUIA\",\"ATLÁNTICO\",\"SANTANDER\",\"VALLE DEL CAUCA\",\"BOLÍVAR\",\"NORTE DE SANTANDER\",\"CALDAS\",\"RISARALDA\",\"MAGDALENA\",\"BOYACÁ\",\"META\",\"QUINDIO\"]', '[\"Bello\",\"Envigado\",\"Itagüí\",\"Medellín\",\"Sabaneta\",\"Barranquilla\",\"Bucaramanga\",\"Calí\",\"Cartagena\",\"Cúcuta\",\"Manizales\",\"Pereira\",\"Santa Marta\",\"Tunja\",\"Villavicencio\",\"Armenia\"]', 0, '2020-03-02 14:12:01', '2020-03-06 15:04:04', NULL, NULL, NULL, NULL, NULL, NULL, NULL, NULL, NULL),
(49, 7, 2, 'Acceso a la red mundial de información a través de conexiones de backbone redundantes y seguras', 7500000, 5, 'company', '[\"ANTIOQUIA\",\"ATLÁNTICO\",\"SANTANDER\",\"VALLE DEL CAUCA\",\"BOLÍVAR\",\"NORTE DE SANTANDER\",\"CALDAS\",\"RISARALDA\",\"MAGDALENA\",\"BOYACÁ\",\"META\",\"QUINDIO\"]', '[\"Bello\",\"Envigado\",\"Itagüí\",\"Medellín\",\"Sabaneta\",\"Barranquilla\",\"Bucaramanga\",\"Calí\",\"Cartagena\",\"Cúcuta\",\"Manizales\",\"Pereira\",\"Santa Marta\",\"Tunja\",\"Villavicencio\",\"Armenia\"]', 0, '2020-03-02 14:12:20', '2020-03-06 15:19:00', NULL, NULL, NULL, NULL, NULL, NULL, NULL, NULL, NULL),
(50, 7, 2, 'Acceso a la red mundial de información a través de conexiones de backbone redundantes y seguras', 8400000, 5, 'company', '[\"ANTIOQUIA\",\"ATLÁNTICO\",\"SANTANDER\",\"VALLE DEL CAUCA\",\"BOLÍVAR\",\"NORTE DE SANTANDER\",\"CALDAS\",\"RISARALDA\",\"MAGDALENA\",\"BOYACÁ\",\"META\",\"QUINDIO\"]', '[\"Bello\",\"Envigado\",\"Itagüí\",\"Medellín\",\"Sabaneta\",\"Barranquilla\",\"Bucaramanga\",\"Calí\",\"Cartagena\",\"Cúcuta\",\"Manizales\",\"Pereira\",\"Santa Marta\",\"Tunja\",\"Villavicencio\",\"Armenia\"]', 0, '2020-03-02 14:12:45', '2020-03-06 15:19:14', NULL, NULL, NULL, NULL, NULL, NULL, NULL, NULL, NULL),
(51, 7, 2, 'Acceso a la red mundial de información a través de conexiones de backbone redundantes y seguras', 11500000, 5, 'company', '[\"ANTIOQUIA\",\"ATLÁNTICO\",\"SANTANDER\",\"VALLE DEL CAUCA\",\"BOLÍVAR\",\"NORTE DE SANTANDER\",\"CALDAS\",\"RISARALDA\",\"MAGDALENA\",\"BOYACÁ\",\"META\",\"QUINDIO\"]', '[\"Bello\",\"Envigado\",\"Itagüí\",\"Medellín\",\"Sabaneta\",\"Barranquilla\",\"Bucaramanga\",\"Calí\",\"Cartagena\",\"Cúcuta\",\"Manizales\",\"Pereira\",\"Santa Marta\",\"Tunja\",\"Villavicencio\",\"Armenia\"]', 0, '2020-03-02 14:13:12', '2020-03-06 15:19:47', NULL, NULL, NULL, NULL, NULL, NULL, NULL, NULL, NULL),
(52, 7, 2, 'Acceso a la red mundial de información a través de conexiones de backbone redundantes y seguras', 13000000, 5, 'company', '[\"ANTIOQUIA\",\"ATLÁNTICO\",\"SANTANDER\",\"VALLE DEL CAUCA\",\"BOLÍVAR\",\"NORTE DE SANTANDER\",\"CALDAS\",\"RISARALDA\",\"MAGDALENA\",\"BOYACÁ\",\"META\",\"QUINDIO\"]', '[\"Bello\",\"Envigado\",\"Itagüí\",\"Medellín\",\"Sabaneta\",\"Barranquilla\",\"Bucaramanga\",\"Calí\",\"Cartagena\",\"Cúcuta\",\"Manizales\",\"Pereira\",\"Santa Marta\",\"Tunja\",\"Villavicencio\",\"Armenia\"]', 0, '2020-03-02 14:13:33', '2020-03-06 15:02:59', NULL, NULL, NULL, NULL, NULL, NULL, NULL, NULL, NULL),
(53, 4, 2, 'Altas velocidades a precio justo', 200000, 4, 'company', '[\"NARIÑO\"]', '[\"Pasto\",\"Ipiales\",\"La Cruz\",\"La Unión\",\"Sandoná\",\"Túquerres\"]', 0, '2020-03-02 14:22:15', '2020-03-02 14:22:15', NULL, NULL, NULL, NULL, NULL, NULL, NULL, NULL, NULL),
(54, 4, 2, 'Altas velocidades a precio justo', 300000, 4, 'company', '[\"NARIÑO\"]', '[\"Pasto\",\"Ipiales\",\"La Cruz\",\"La Unión\",\"Sandoná\",\"Túquerres\"]', 0, '2020-03-02 14:23:09', '2020-03-02 14:23:09', NULL, NULL, NULL, NULL, NULL, NULL, NULL, NULL, NULL),
(55, 4, 2, 'Altas velocidades a precio justo', 420000, 4, 'company', '[\"NARIÑO\"]', '[\"Pasto\",\"Ipiales\",\"La Cruz\",\"La Unión\",\"Sandoná\",\"Túquerres\"]', 0, '2020-03-02 14:23:23', '2020-03-02 14:23:23', NULL, NULL, NULL, NULL, NULL, NULL, NULL, NULL, NULL),
(56, 4, 2, 'Altas velocidades a precio justo', 690000, 4, 'company', '[\"NARIÑO\"]', '[\"Pasto\",\"Ipiales\",\"La Cruz\",\"La Unión\",\"Sandoná\",\"Túquerres\"]', 0, '2020-03-02 14:23:46', '2020-03-02 14:23:46', NULL, NULL, NULL, NULL, NULL, NULL, NULL, NULL, NULL),
(57, 4, 2, 'Altas velocidades a precio justo', 1000000, 4, 'company', '[\"NARIÑO\"]', '[\"Pasto\",\"Ipiales\",\"La Cruz\",\"La Unión\",\"Sandoná\",\"Túquerres\"]', 0, '2020-03-02 14:24:06', '2020-03-02 14:24:06', NULL, NULL, NULL, NULL, NULL, NULL, NULL, NULL, NULL),
(58, 4, 2, 'Altas velocidades a precio justo', 1500000, 4, 'company', '[\"NARIÑO\"]', '[\"Pasto\",\"Ipiales\",\"La Cruz\",\"La Unión\",\"Sandoná\",\"Túquerres\"]', 0, '2020-03-02 14:24:24', '2020-03-02 14:24:24', NULL, NULL, NULL, NULL, NULL, NULL, NULL, NULL, NULL),
(59, 4, 2, 'Altas velocidades a precio justo', 65000, 4, 'private', '[\"NARIÑO\"]', '[\"Pasto\",\"Ipiales\",\"La Cruz\",\"La Unión\",\"Sandoná\",\"Túquerres\"]', 0, '2020-03-02 14:25:06', '2020-03-02 14:25:06', NULL, NULL, NULL, NULL, NULL, NULL, NULL, NULL, NULL),
(60, 4, 2, 'Altas velocidades a precio justo', 75000, 4, 'private', '[\"NARIÑO\"]', '[\"Pasto\",\"Ipiales\",\"La Cruz\",\"La Unión\",\"Sandoná\",\"Túquerres\"]', 0, '2020-03-02 14:25:22', '2020-03-02 14:25:22', NULL, NULL, NULL, NULL, NULL, NULL, NULL, NULL, NULL),
(61, 4, 2, 'Altas velocidades a precio justo', 119000, 4, 'private', '[\"NARIÑO\"]', '[\"Pasto\",\"Ipiales\",\"La Cruz\",\"La Unión\",\"Sandoná\",\"Túquerres\"]', 0, '2020-03-02 14:25:42', '2020-03-02 14:25:42', NULL, NULL, NULL, NULL, NULL, NULL, NULL, NULL, NULL),
(62, 4, 2, 'Altas velocidades a precio justo', 180000, 4, 'private', '[\"NARIÑO\"]', '[\"Pasto\",\"Ipiales\",\"La Cruz\",\"La Unión\",\"Sandoná\",\"Túquerres\"]', 0, '2020-03-02 14:26:00', '2020-03-02 14:26:00', NULL, NULL, NULL, NULL, NULL, NULL, NULL, NULL, NULL),
(63, 4, 2, 'Altas velocidades a precio justo', 240000, 4, 'private', '[\"NARIÑO\"]', '[\"Pasto\",\"Ipiales\",\"La Cruz\",\"La Unión\",\"Sandoná\",\"Túquerres\"]', 0, '2020-03-02 14:26:16', '2020-03-02 14:26:16', NULL, NULL, NULL, NULL, NULL, NULL, NULL, NULL, NULL),
(64, 2, 2, 'Conéctese 100% en fibra óptica garantizando la máxima velocidad de navegación a través de un enlace dedicado', 595000, 4, 'company', '[\"ARAUCA\",\"ATLÁNTICO\",\"BOLÍVAR\",\"BOYACÁ\",\"CALDAS\",\"CAQUETÁ\",\"CASANARE\",\"CAUCA\",\"CESAR\",\"CHOCÓ\",\"CÓRDOBA\",\"CUNDINAMARCA\",\"GUAVIARE\",\"HUILA\",\"LA GUAJIRA\",\"META\",\"NARIÑO\",\"MAGDALENA\",\"NORTE DE SANTANDER\",\"PUTUMAYO\",\"QUINDIO\",\"RISARALDA\",\"SANTANDER\",\"TOLIMA\",\"VALLE DEL CAUCA\",\"VICHADA\"]', NULL, 0, '2020-03-02 14:35:19', '2020-03-02 14:35:41', NULL, NULL, NULL, NULL, NULL, NULL, NULL, NULL, NULL),
(65, 2, 2, 'Conéctese 100% en fibra óptica garantizando la máxima velocidad de navegación a través de un enlace dedicado', 820000, 4, 'company', '[\"ARAUCA\",\"ATLÁNTICO\",\"BOLÍVAR\",\"BOYACÁ\",\"CALDAS\",\"CAQUETÁ\",\"CASANARE\",\"CAUCA\",\"CESAR\",\"CHOCÓ\",\"CÓRDOBA\",\"CUNDINAMARCA\",\"GUAVIARE\",\"HUILA\",\"LA GUAJIRA\",\"META\",\"NARIÑO\",\"MAGDALENA\",\"NORTE DE SANTANDER\",\"PUTUMAYO\",\"QUINDIO\",\"RISARALDA\",\"SANTANDER\",\"TOLIMA\",\"VALLE DEL CAUCA\",\"VICHADA\"]', NULL, 0, '2020-03-02 14:36:38', '2020-03-02 14:36:38', NULL, NULL, NULL, NULL, NULL, NULL, NULL, NULL, NULL),
(66, 2, 2, 'Conéctese 100% en fibra óptica garantizando la máxima velocidad de navegación a través de un enlace dedicado', 1260000, 4, 'company', '[\"ARAUCA\",\"ATLÁNTICO\",\"BOLÍVAR\",\"BOYACÁ\",\"CALDAS\",\"CAQUETÁ\",\"CASANARE\",\"CAUCA\",\"CESAR\",\"CHOCÓ\",\"CÓRDOBA\",\"CUNDINAMARCA\",\"GUAVIARE\",\"HUILA\",\"LA GUAJIRA\",\"META\",\"NARIÑO\",\"MAGDALENA\",\"NORTE DE SANTANDER\",\"PUTUMAYO\",\"QUINDIO\",\"RISARALDA\",\"SANTANDER\",\"TOLIMA\",\"VALLE DEL CAUCA\",\"VICHADA\"]', NULL, 0, '2020-03-02 14:36:59', '2020-03-02 14:36:59', NULL, NULL, NULL, NULL, NULL, NULL, NULL, NULL, NULL),
(67, 2, 2, 'Conéctese 100% en fibra óptica garantizando la máxima velocidad de navegación a través de un enlace dedicado', 1440000, 4, 'company', '[\"ARAUCA\",\"ATLÁNTICO\",\"BOLÍVAR\",\"BOYACÁ\",\"CALDAS\",\"CAQUETÁ\",\"CASANARE\",\"CAUCA\",\"CESAR\",\"CHOCÓ\",\"CÓRDOBA\",\"CUNDINAMARCA\",\"GUAVIARE\",\"HUILA\",\"LA GUAJIRA\",\"META\",\"NARIÑO\",\"MAGDALENA\",\"NORTE DE SANTANDER\",\"PUTUMAYO\",\"QUINDIO\",\"RISARALDA\",\"SANTANDER\",\"TOLIMA\",\"VALLE DEL CAUCA\",\"VICHADA\"]', NULL, 0, '2020-03-02 14:37:17', '2020-03-02 14:37:17', NULL, NULL, NULL, NULL, NULL, NULL, NULL, NULL, NULL),
(68, 2, 2, 'Conéctese 100% en fibra óptica garantizando la máxima velocidad de navegación a través de un enlace dedicado', 2500000, 4, 'company', '[\"ARAUCA\",\"ATLÁNTICO\",\"BOLÍVAR\",\"BOYACÁ\",\"CALDAS\",\"CAQUETÁ\",\"CASANARE\",\"CAUCA\",\"CESAR\",\"CHOCÓ\",\"CÓRDOBA\",\"CUNDINAMARCA\",\"GUAVIARE\",\"HUILA\",\"LA GUAJIRA\",\"META\",\"NARIÑO\",\"MAGDALENA\",\"NORTE DE SANTANDER\",\"PUTUMAYO\",\"QUINDIO\",\"RISARALDA\",\"SANTANDER\",\"TOLIMA\",\"VALLE DEL CAUCA\",\"VICHADA\"]', NULL, 0, '2020-03-02 14:37:36', '2020-03-02 14:37:36', NULL, NULL, NULL, NULL, NULL, NULL, NULL, NULL, NULL),
(69, 2, 2, 'Conéctese 100% en fibra óptica garantizando la máxima velocidad de navegación a través de un enlace dedicado', 3450000, 4, 'company', '[\"ARAUCA\",\"ATLÁNTICO\",\"BOLÍVAR\",\"BOYACÁ\",\"CALDAS\",\"CAQUETÁ\",\"CASANARE\",\"CAUCA\",\"CESAR\",\"CHOCÓ\",\"CÓRDOBA\",\"CUNDINAMARCA\",\"GUAVIARE\",\"HUILA\",\"LA GUAJIRA\",\"META\",\"NARIÑO\",\"MAGDALENA\",\"NORTE DE SANTANDER\",\"PUTUMAYO\",\"QUINDIO\",\"RISARALDA\",\"SANTANDER\",\"TOLIMA\",\"VALLE DEL CAUCA\",\"VICHADA\"]', NULL, 0, '2020-03-02 14:37:53', '2020-03-02 14:37:53', NULL, NULL, NULL, NULL, NULL, NULL, NULL, NULL, NULL),
(70, 3, 2, 'El operador satelital que llega donde nadie mas llega. Aplica para estratos 1 y 2', 167900, 4, 'private', NULL, NULL, 0, '2020-03-02 14:44:46', '2020-03-02 14:44:46', NULL, NULL, NULL, NULL, NULL, NULL, NULL, NULL, NULL),
(71, 3, 2, 'El operador satelital que llega donde nadie mas llega. Aplica para estratos 1 y 2', 189900, 4, 'private', NULL, NULL, 0, '2020-03-02 14:45:11', '2020-03-02 14:45:11', NULL, NULL, NULL, NULL, NULL, NULL, NULL, NULL, NULL),
(72, 3, 2, 'El operador satelital que llega donde nadie mas llega. Aplica para estratos 1 y 2', 230900, 4, 'private', NULL, NULL, 0, '2020-03-02 14:45:34', '2020-03-02 14:45:34', NULL, NULL, NULL, NULL, NULL, NULL, NULL, NULL, NULL),
(73, 3, 2, 'El operador satelital que llega donde nadie mas llega. Aplica para estratos 1 y 2', 310900, 4, 'private', NULL, NULL, 0, '2020-03-02 14:45:52', '2020-03-02 14:45:52', NULL, NULL, NULL, NULL, NULL, NULL, NULL, NULL, NULL),
(74, 3, 2, 'El operador satelital que llega donde nadie mas llega. Aplica para estratos 3', 182900, 4, 'private', NULL, NULL, 0, '2020-03-02 14:46:26', '2020-03-02 14:46:26', NULL, NULL, NULL, NULL, NULL, NULL, NULL, NULL, NULL),
(75, 3, 2, 'El operador satelital que llega donde nadie mas llega. Aplica para estratos 3', 209900, 4, 'private', NULL, NULL, 0, '2020-03-02 14:46:46', '2020-03-02 14:46:46', NULL, NULL, NULL, NULL, NULL, NULL, NULL, NULL, NULL),
(76, 3, 2, 'El operador satelital que llega donde nadie mas llega. Aplica para estratos 3', 255900, 4, 'private', NULL, NULL, 0, '2020-03-02 14:47:04', '2020-03-02 14:47:04', NULL, NULL, NULL, NULL, NULL, NULL, NULL, NULL, NULL),
(77, 3, 2, 'El operador satelital que llega donde nadie mas llega. Aplica para estratos 3', 346900, 4, 'private', NULL, NULL, 0, '2020-03-02 14:47:25', '2020-03-02 14:47:25', NULL, NULL, NULL, NULL, NULL, NULL, NULL, NULL, NULL),
(78, 3, 2, 'El operador satelital que llega donde nadie mas llega. Aplica para estratos 4 - 6', 188900, 4, 'private', NULL, NULL, 0, '2020-03-02 14:48:03', '2020-03-02 14:48:03', NULL, NULL, NULL, NULL, NULL, NULL, NULL, NULL, NULL),
(79, 3, 2, 'El operador satelital que llega donde nadie mas llega. Aplica para estratos 4 - 6', 216900, 4, 'private', NULL, NULL, 0, '2020-03-02 14:48:23', '2020-03-02 14:48:23', NULL, NULL, NULL, NULL, NULL, NULL, NULL, NULL, NULL),
(80, 3, 2, 'El operador satelital que llega donde nadie mas llega. Aplica para estratos 4 - 6', 268900, 4, 'private', NULL, NULL, 0, '2020-03-02 14:48:41', '2020-03-02 14:48:41', NULL, NULL, NULL, NULL, NULL, NULL, NULL, NULL, NULL),
(81, 3, 2, 'El operador satelital que llega donde nadie mas llega. Aplica para estratos 4 - 6', 360900, 4, 'private', NULL, NULL, 0, '2020-03-02 14:49:00', '2020-03-02 14:49:00', NULL, NULL, NULL, NULL, NULL, NULL, NULL, NULL, NULL),
(82, 3, 2, 'El operador satelital que llega donde nadie mas llega. Aplica para Pymes', 295900, 4, 'company', NULL, NULL, 0, '2020-03-02 14:50:05', '2020-03-02 14:50:05', NULL, NULL, NULL, NULL, NULL, NULL, NULL, NULL, NULL),
(83, 3, 2, 'El operador satelital que llega donde nadie mas llega. Aplica para Pymes', 394900, 4, 'company', NULL, NULL, 0, '2020-03-02 14:50:32', '2020-03-02 14:50:32', NULL, NULL, NULL, NULL, NULL, NULL, NULL, NULL, NULL),
(84, 3, 2, 'El operador satelital que llega donde nadie mas llega. Aplica para Pymes', 559900, 4, 'company', NULL, NULL, 0, '2020-03-02 14:50:53', '2020-03-02 14:50:53', NULL, NULL, NULL, NULL, NULL, NULL, NULL, NULL, NULL),
(85, 3, 2, 'El operador satelital que llega donde nadie mas llega. Aplica para Pymes', 953900, 4, 'company', NULL, NULL, 0, '2020-03-02 14:51:20', '2020-03-02 14:51:20', NULL, NULL, NULL, NULL, NULL, NULL, NULL, NULL, NULL),
(86, 3, 2, 'El operador satelital que llega donde nadie mas llega. Aplica para Pymes', 1610900, 4, 'company', NULL, NULL, 0, '2020-03-02 14:51:40', '2020-03-02 14:51:40', NULL, NULL, NULL, NULL, NULL, NULL, NULL, NULL, NULL),
(87, 5, 3, 'La mejor elección en Telefonía para el crecimiento y la productividad de su empresa', 40000, 5, 'company', NULL, NULL, 0, '2020-03-02 15:05:57', '2020-03-02 15:05:57', NULL, NULL, NULL, NULL, NULL, NULL, NULL, NULL, NULL),
(88, 5, 3, 'Ideal para empresas que buscan modernizar su estructura de comunicaciones', 25000, 5, 'company', NULL, NULL, 0, '2020-03-02 15:07:49', '2020-03-02 15:07:49', NULL, NULL, NULL, NULL, NULL, NULL, NULL, NULL, NULL),
(89, 5, 3, 'La mejor elección en telefonía', 25000, 5, 'private', NULL, NULL, 0, '2020-03-02 15:08:59', '2020-03-02 15:08:59', NULL, NULL, NULL, NULL, NULL, NULL, NULL, NULL, NULL),
(90, 6, 2, 'Soluciones de conectividad que se adaptan a la necesidad y el tamaño de su empresa', 87900, 4, 'company', '[\"BOGOTÁ, D.C.\",\"ANTIOQUIA\",\"CALDAS\",\"CUNDINAMARCA\",\"RISARALDA\",\"SANTANDER\",\"BOYACÁ\",\"VALLE DEL CAUCA\"]', '[\"Bogotá D.C.\",\"Caldas\",\"Barbosa\",\"Bello\",\"Copacabana\",\"Envigado\",\"Guarne\",\"Itagüí\",\"La Ceja\",\"Marinilla\",\"Medellín\",\"Ríonegro\",\"Manizales\",\"Funza\",\"Bucaramanga\",\"Floridablanca\",\"Girón\",\"Pie de Cuesta\",\"Duitama\",\"Sogamoso\",\"Jamundí\"]', 0, '2020-03-06 14:34:22', '2020-03-06 14:34:22', NULL, NULL, NULL, NULL, NULL, NULL, NULL, NULL, NULL),
(91, 6, 2, 'Soluciones de conectividad que se adaptan a la necesidad y el tamaño de su empresa', 105000, 4, 'company', '[\"BOGOTÁ, D.C.\",\"ANTIOQUIA\",\"CALDAS\",\"CUNDINAMARCA\",\"RISARALDA\",\"SANTANDER\",\"BOYACÁ\",\"VALLE DEL CAUCA\"]', '[\"Bogotá D.C.\",\"Caldas\",\"Barbosa\",\"Bello\",\"Copacabana\",\"Envigado\",\"Guarne\",\"Itagüí\",\"La Ceja\",\"Marinilla\",\"Medellín\",\"Ríonegro\",\"Manizales\",\"Funza\",\"Bucaramanga\",\"Floridablanca\",\"Girón\",\"Pie de Cuesta\",\"Duitama\",\"Sogamoso\",\"Jamundí\"]', 0, '2020-03-06 14:35:26', '2020-03-06 14:35:26', NULL, NULL, NULL, NULL, NULL, NULL, NULL, NULL, NULL),
(92, 6, 2, 'Soluciones de conectividad que se adaptan a la necesidad y el tamaño de su empresa', 145000, 4, 'company', '[\"BOGOTÁ, D.C.\",\"ANTIOQUIA\",\"CALDAS\",\"CUNDINAMARCA\",\"RISARALDA\",\"SANTANDER\",\"BOYACÁ\",\"VALLE DEL CAUCA\"]', '[\"Bogotá D.C.\",\"Caldas\",\"Barbosa\",\"Bello\",\"Copacabana\",\"Envigado\",\"Guarne\",\"Itagüí\",\"La Ceja\",\"Marinilla\",\"Medellín\",\"Ríonegro\",\"Manizales\",\"Funza\",\"Bucaramanga\",\"Floridablanca\",\"Girón\",\"Pie de Cuesta\",\"Duitama\",\"Sogamoso\",\"Jamundí\"]', 0, '2020-03-06 14:35:49', '2020-03-06 14:35:49', NULL, NULL, NULL, NULL, NULL, NULL, NULL, NULL, NULL),
(104, 3, 2, 'El operador satelital que llega donde nadie mas llega. Disfruta el primer mes gratis.', 128500, 4, 'private', NULL, NULL, 0, '2020-09-25 17:00:35', '2020-09-25 17:00:35', NULL, NULL, NULL, NULL, NULL, NULL, NULL, NULL, NULL),
(105, 2, 2, 'Internet Dedicado empresarial, con la más amplia cobertura en fibra óptica, velocidades desde 10mbps en adelante.', 400000, 4, 'company', NULL, NULL, 0, '2020-09-25 17:06:26', '2020-09-25 17:06:26', NULL, NULL, NULL, NULL, NULL, NULL, NULL, NULL, NULL),
(107, 4, 2, 'Internet dedicado Hogar y empresarial, con presencia en el departamento de Nariño,  velocidades desde 10mbps', 100000, 4, NULL, NULL, NULL, 0, '2020-09-25 17:24:02', '2020-09-25 17:24:02', 'N/A', NULL, NULL, NULL, NULL, NULL, NULL, NULL, NULL),
(108, 5, 3, 'Telefonía Móvil Nacional Ilimitada, Telefonía Nacional Fija Ilimitada.', 63000, 4, 'company', NULL, NULL, 0, '2020-09-29 17:18:41', '2020-09-29 17:18:41', NULL, NULL, NULL, NULL, NULL, NULL, NULL, NULL, NULL),
(109, 2, 2, 'Planes para ISps, sujeto a viabilidad en terreno, municipio y duración del contrato\n(Nota debe estar registrada en las Tic)', 1000000, 4, 'company', NULL, NULL, 0, '2020-09-29 17:39:42', '2020-09-29 17:39:42', 'N/A', NULL, NULL, NULL, NULL, NULL, NULL, NULL, NULL),
(110, 7, 2, 'Más de 54 mil kms de fibras ópticas terrestres y submarinas, plataformas centralizadas de Cloud & Datacenter y Seguridad.', 450000, 5, 'company', NULL, NULL, 0, '2020-09-29 17:45:38', '2020-09-29 17:45:38', NULL, NULL, NULL, NULL, NULL, NULL, NULL, NULL, NULL),
(111, 2, 11, 'Los ISP cada vez prefieren mas la calidad del servicio, el precio para  proveedores de internet en los nodos propios es de', 10000, 5, 'company', NULL, NULL, 0, '2020-09-29 18:11:56', '2020-09-29 18:11:56', NULL, NULL, NULL, NULL, NULL, NULL, NULL, NULL, NULL),
(112, 8, 2, 'asdas asdas asdas asd asdasd asdas asd asdasdasdas', 1000000, 4, 'isp', NULL, NULL, 0, '2020-11-17 19:31:42', '2020-11-17 19:31:42', NULL, NULL, NULL, NULL, NULL, NULL, NULL, NULL, NULL),
(113, 5, 3, '<h1> estoy es un beneficio </h1>', 100000, 0, NULL, NULL, NULL, 0, '2020-11-19 14:52:27', '2020-11-19 14:52:27', NULL, NULL, NULL, NULL, NULL, NULL, NULL, NULL, NULL),
(114, 8, 2, 'd d prueba asdas asd as dasdas dasd asdas das', 10000000, 1, NULL, NULL, NULL, 0, '2020-11-25 22:44:22', '2020-11-25 22:44:22', 'N/A', NULL, NULL, 'N/A', NULL, NULL, NULL, NULL, NULL),
(115, 8, 2, '0asda sdas dasd  asdasd asdasdasda sd asd as', 20000000, 1, NULL, NULL, NULL, 0, '2020-11-25 22:50:19', '2020-11-25 22:50:19', 'N/A', NULL, NULL, 'N/A', NULL, NULL, NULL, NULL, NULL),
(116, 8, 2, 'asd asd asd asd asd asd asd asd asd asd asd asd', 30000000, 0, NULL, NULL, NULL, 0, '2020-11-25 22:52:59', '2020-11-25 22:52:59', 'N/A', NULL, NULL, 'N/A', '0', NULL, NULL, NULL, NULL),
(117, 8, 2, 'descripcion de prueba 1  descripcion de prueba 1  descripcion de prueba 1  descripcion de prueba 1  descripcion de prueba 1', 100000, 4, 'private', '[\"BOGOTÁ, D.C.\"]', '[\"Bogotá D.C.\"]', 0, '2020-11-26 15:38:35', '2020-11-26 15:38:35', 'N/A', '0', NULL, '0', '0', NULL, NULL, NULL, NULL),
(118, 4, 8, '1234512345123456', 500000, 4, 'private', NULL, NULL, 0, '2020-11-30 19:38:42', '2020-11-30 19:38:42', 'N/A', '1', NULL, '0', '1', '50% 1,2,4,8 mes', 'Hbo gratis 1 mes', 'compre 1 y lleve 2', '150 canales plus'),
(119, 8, 9, '1234512345123456', 100000, 5, 'private', NULL, NULL, 0, '2020-11-30 20:34:48', '2020-11-30 20:34:48', '150', '1', NULL, '0', '2', 'Titulo 1', 'Titulo 1', 'Titulo 1', 'Titulo 1'),
(120, 7, 9, '1234512345123456', 250000, 3, NULL, NULL, NULL, 0, '2020-11-30 20:43:38', '2020-11-30 20:43:38', 'N/A', '1', NULL, '1', '2', 'hbo 1 mes gratis', 'Titulo 1', 'Titulo 1', 'Titulo 1');

-- --------------------------------------------------------

--
-- Table structure for table `services`
--

CREATE TABLE `services` (
  `id` bigint(20) UNSIGNED NOT NULL,
  `name` varchar(128) COLLATE utf8mb4_unicode_ci NOT NULL,
  `trash` tinyint(1) NOT NULL DEFAULT '0',
  `created_at` timestamp NULL DEFAULT NULL,
  `updated_at` timestamp NULL DEFAULT NULL
) ENGINE=InnoDB DEFAULT CHARSET=utf8mb4 COLLATE=utf8mb4_unicode_ci;

--
-- Dumping data for table `services`
--

INSERT INTO `services` (`id`, `name`, `trash`, `created_at`, `updated_at`) VALUES
(2, 'Internet', 0, '2020-03-01 17:27:05', '2020-03-01 17:27:05'),
(3, 'Telefonia VozIP', 0, '2020-03-02 13:29:13', '2020-03-02 13:29:13'),
(8, 'Internet - Telefonia', 0, '2020-09-17 20:36:30', '2020-09-17 20:36:30'),
(9, 'Internet - Telefonia -TV', 0, '2020-09-17 20:37:53', '2020-09-17 20:37:53'),
(11, 'Internet para ISP', 0, '2020-09-29 17:51:55', '2020-09-29 17:51:55');

-- --------------------------------------------------------

--
-- Table structure for table `users`
--

CREATE TABLE `users` (
  `id` bigint(20) UNSIGNED NOT NULL,
  `username` varchar(255) COLLATE utf8mb4_unicode_ci NOT NULL,
  `password` varchar(255) COLLATE utf8mb4_unicode_ci NOT NULL,
  `created_at` timestamp NULL DEFAULT NULL,
  `updated_at` timestamp NULL DEFAULT NULL
) ENGINE=InnoDB DEFAULT CHARSET=utf8mb4 COLLATE=utf8mb4_unicode_ci;

--
-- Dumping data for table `users`
--

INSERT INTO `users` (`id`, `username`, `password`, `created_at`, `updated_at`) VALUES
(1, 'nextscale', '$2y$10$Xd6Kzg/awYAElXy5IgtRueNACxmowig/1m38cjTtXyDFxmy/RxaQS', NULL, NULL);

--
-- Indexes for dumped tables
--

--
-- Indexes for table `companies`
--
ALTER TABLE `companies`
  ADD PRIMARY KEY (`id`);

--
-- Indexes for table `configs`
--
ALTER TABLE `configs`
  ADD PRIMARY KEY (`id`);

--
-- Indexes for table `departments`
--
ALTER TABLE `departments`
  ADD PRIMARY KEY (`id`);

--
-- Indexes for table `fields`
--
ALTER TABLE `fields`
  ADD PRIMARY KEY (`id`),
  ADD KEY `fields_service_id_foreign` (`service_id`);

--
-- Indexes for table `fields_values`
--
ALTER TABLE `fields_values`
  ADD PRIMARY KEY (`id`),
  ADD KEY `fields_values_offer_id_foreign` (`offer_id`),
  ADD KEY `fields_values_field_id_foreign` (`field_id`);

--
-- Indexes for table `highlights`
--
ALTER TABLE `highlights`
  ADD PRIMARY KEY (`id`),
  ADD KEY `highlights_department_foreign` (`department`),
  ADD KEY `highlights_municipality_foreign` (`municipality`),
  ADD KEY `highlights_offer_foreign` (`offer`);

--
-- Indexes for table `migrations`
--
ALTER TABLE `migrations`
  ADD PRIMARY KEY (`id`);

--
-- Indexes for table `municipalities`
--
ALTER TABLE `municipalities`
  ADD PRIMARY KEY (`id`),
  ADD KEY `municipalities_department_id_foreign` (`department_id`);

--
-- Indexes for table `offers`
--
ALTER TABLE `offers`
  ADD PRIMARY KEY (`id`),
  ADD KEY `offers_company_foreign` (`company`),
  ADD KEY `offers_service_foreign` (`service`);

--
-- Indexes for table `services`
--
ALTER TABLE `services`
  ADD PRIMARY KEY (`id`);

--
-- Indexes for table `users`
--
ALTER TABLE `users`
  ADD PRIMARY KEY (`id`);

--
-- AUTO_INCREMENT for dumped tables
--

--
-- AUTO_INCREMENT for table `companies`
--
ALTER TABLE `companies`
  MODIFY `id` bigint(20) UNSIGNED NOT NULL AUTO_INCREMENT, AUTO_INCREMENT=9;

--
-- AUTO_INCREMENT for table `configs`
--
ALTER TABLE `configs`
  MODIFY `id` bigint(20) UNSIGNED NOT NULL AUTO_INCREMENT, AUTO_INCREMENT=4;

--
-- AUTO_INCREMENT for table `departments`
--
ALTER TABLE `departments`
  MODIFY `id` bigint(20) UNSIGNED NOT NULL AUTO_INCREMENT, AUTO_INCREMENT=100;

--
-- AUTO_INCREMENT for table `fields`
--
ALTER TABLE `fields`
  MODIFY `id` bigint(20) UNSIGNED NOT NULL AUTO_INCREMENT, AUTO_INCREMENT=23;

--
-- AUTO_INCREMENT for table `fields_values`
--
ALTER TABLE `fields_values`
  MODIFY `id` bigint(20) UNSIGNED NOT NULL AUTO_INCREMENT, AUTO_INCREMENT=241;

--
-- AUTO_INCREMENT for table `highlights`
--
ALTER TABLE `highlights`
  MODIFY `id` bigint(20) UNSIGNED NOT NULL AUTO_INCREMENT, AUTO_INCREMENT=35;

--
-- AUTO_INCREMENT for table `migrations`
--
ALTER TABLE `migrations`
  MODIFY `id` int(10) UNSIGNED NOT NULL AUTO_INCREMENT, AUTO_INCREMENT=166;

--
-- AUTO_INCREMENT for table `municipalities`
--
ALTER TABLE `municipalities`
  MODIFY `id` bigint(20) UNSIGNED NOT NULL AUTO_INCREMENT, AUTO_INCREMENT=1102;

--
-- AUTO_INCREMENT for table `offers`
--
ALTER TABLE `offers`
  MODIFY `id` bigint(20) UNSIGNED NOT NULL AUTO_INCREMENT, AUTO_INCREMENT=121;

--
-- AUTO_INCREMENT for table `services`
--
ALTER TABLE `services`
  MODIFY `id` bigint(20) UNSIGNED NOT NULL AUTO_INCREMENT, AUTO_INCREMENT=12;

--
-- AUTO_INCREMENT for table `users`
--
ALTER TABLE `users`
  MODIFY `id` bigint(20) UNSIGNED NOT NULL AUTO_INCREMENT, AUTO_INCREMENT=2;

--
-- Constraints for dumped tables
--

--
-- Constraints for table `fields`
--
ALTER TABLE `fields`
  ADD CONSTRAINT `fields_service_id_foreign` FOREIGN KEY (`service_id`) REFERENCES `services` (`id`) ON DELETE CASCADE;

--
-- Constraints for table `fields_values`
--
ALTER TABLE `fields_values`
  ADD CONSTRAINT `fields_values_field_id_foreign` FOREIGN KEY (`field_id`) REFERENCES `fields` (`id`) ON DELETE CASCADE,
  ADD CONSTRAINT `fields_values_offer_id_foreign` FOREIGN KEY (`offer_id`) REFERENCES `offers` (`id`) ON DELETE CASCADE;

--
-- Constraints for table `highlights`
--
ALTER TABLE `highlights`
  ADD CONSTRAINT `highlights_department_foreign` FOREIGN KEY (`department`) REFERENCES `departments` (`id`) ON DELETE CASCADE,
  ADD CONSTRAINT `highlights_municipality_foreign` FOREIGN KEY (`municipality`) REFERENCES `municipalities` (`id`) ON DELETE CASCADE,
  ADD CONSTRAINT `highlights_offer_foreign` FOREIGN KEY (`offer`) REFERENCES `offers` (`id`) ON DELETE CASCADE;

--
-- Constraints for table `municipalities`
--
ALTER TABLE `municipalities`
  ADD CONSTRAINT `municipalities_department_id_foreign` FOREIGN KEY (`department_id`) REFERENCES `departments` (`id`);

--
-- Constraints for table `offers`
--
ALTER TABLE `offers`
  ADD CONSTRAINT `offers_company_foreign` FOREIGN KEY (`company`) REFERENCES `companies` (`id`) ON DELETE CASCADE,
  ADD CONSTRAINT `offers_service_foreign` FOREIGN KEY (`service`) REFERENCES `services` (`id`) ON DELETE CASCADE;

/*!40101 SET CHARACTER_SET_CLIENT=@OLD_CHARACTER_SET_CLIENT */;
/*!40101 SET CHARACTER_SET_RESULTS=@OLD_CHARACTER_SET_RESULTS */;
/*!40101 SET COLLATION_CONNECTION=@OLD_COLLATION_CONNECTION */;
